drug_key,drug,ae_score_x,total_prob,total_weighted_prob,n_ae,safety_drug,P_drug_gt_placebo,safety_score,efficacy_score,ae_score_y,safety_norm,efficacy_norm,ae_inverse_norm,composite_score,safety_used,efficacy_used,ae_used,ae_units,composite_used,avoid_rank_ae,avoid_rank_safety,avoid_rank_efficacy,avoid_rank_composite,delta_safety_vs_real,delta_efficacy_vs_real,delta_ae_vs_real,flag_ae_extreme,flag_safety_extreme,flag_efficacy_extreme,n_extremes
regorafenib,Regorafenib,5.148507979232816,14.243463009595867,5.148507979232816,100,0.544711,0.516843,0.544711,0.516843,5.148507979232816,0.7696473192574081,0.1824868651488661,0.0153802944057526,0.3839297326436603,0.544711,0.516843,14.243463009595867,unweighted_total_prob,0.3839297326436603,4.0,1620.0,32.0,1039.0,-0.0038768590000000103,-0.0018968489999999782,-5.2796896694041315,True,False,True,2
ponatinib,Ponatinib,4.159961413079871,11.09475307539105,4.159961413079871,100,0.409257,0.517003,0.409257,0.517003,4.159961413079871,0.5424860386724579,0.1918272037361363,0.0394929722179542,0.3016238914070286,0.409257,0.517003,11.09475307539105,unweighted_total_prob,0.3016238914070286,23.0,1527.0,38.0,222.0,-0.13933085899999997,-0.0017368490000000403,-8.428399603608948,True,False,True,2
binimetinib,Binimetinib,3.994088096916674,10.366039190441366,3.994088096916674,100,0.38951,0.517743,0.38951,0.517743,3.994088096916674,0.5093696020392762,0.2350262697022755,0.0447083838218259,0.3067000254609858,0.38951,0.517743,10.366039190441366,unweighted_total_prob,0.3067000254609858,29.0,1487.0,74.0,255.0,-0.15907785899999993,-0.0009968490000000774,-9.157113488558632,True,False,True,2
encorafenib,Encorafenib,3.827614814229308,9.941807556897398,3.827614814229308,100,0.449799,0.516727,0.449799,0.516727,3.827614814229308,0.6104764460245854,0.1757151196730923,0.0503971447213156,0.3245560552233342,0.449799,0.516727,9.941807556897398,unweighted_total_prob,0.3245560552233342,33.0,1588.0,29.0,393.0,-0.09878885899999995,-0.0020128489999999832,-9.5813451221026,True,False,True,2
capmatinib,Capmatinib,3.589114221185444,9.455109346657988,3.589114221185444,100,0.353378,0.516666,0.353378,0.516666,3.589114221185444,0.4487749249526238,0.172154115586689,0.0594668455241596,0.2602649853205571,0.353378,0.516666,9.455109346657988,unweighted_total_prob,0.2602649853205571,40.0,1358.0,25.0,66.0,-0.19520985899999993,-0.002073849000000072,-10.068043332342011,True,False,True,2
omacetaxine_mepesucc,Omacetaxine_mepesucc,3.6829077848233274,9.071527086198326,3.6829077848233274,100,0.44169,0.517631,0.44169,0.517631,3.682907784823328,0.5968773583323551,0.2284880326911837,0.0557599195266891,0.3412981403147534,0.44169,0.517631,9.071527086198326,unweighted_total_prob,0.3412981403147534,50.0,1578.0,69.0,589.0,-0.10689785899999993,-0.0011088490000000784,-10.451625592801673,True,False,True,2
sonidegib,Sonidegib,3.4564456420019254,8.906889945268627,3.4564456420019254,100,0.390716,0.517377,0.390716,0.517377,3.4564456420019254,0.5113921078669775,0.213660245183888,0.0650537348826758,0.3030316881968813,0.390716,0.517377,8.906889945268627,unweighted_total_prob,0.3030316881968813,53.0,1489.0,58.0,232.0,-0.15787185899999995,-0.0013628490000000548,-10.616262733731372,True,False,True,2
copanlisib,Copanlisib,3.3202329940628243,8.518390282988545,3.3202329940628243,100,0.403847,0.515935,0.403847,0.515935,3.3202329940628243,0.5334132720656057,0.1294804436660861,0.0712543981467912,0.279408365922035,0.403847,0.515935,8.518390282988545,unweighted_total_prob,0.279408365922035,68.0,1518.0,12.0,115.0,-0.14474085899999994,-0.002804848999999998,-11.004762396011454,True,False,True,2
pemigatinib,Pemigatinib,3.074824478896333,8.0885594561696,3.074824478896333,100,0.406983,0.517773,0.406983,0.517773,3.074824478896333,0.5386724580321655,0.2367775831873943,0.0838123768040884,0.3269424918486416,0.406983,0.517773,8.0885594561696,unweighted_total_prob,0.3269424918486416,81.0,1523.0,79.0,414.0,-0.14160485899999997,-0.0009668489999999919,-11.434593222830399,True,False,True,2
etrasimod,Etrasimod,3.076427546795456,7.987179741263385,3.076427546795456,100,0.343358,0.517498,0.343358,0.517498,3.076427546795456,0.431971020812021,0.220723876240516,0.0837238440651968,0.2778227276340542,0.343358,0.517498,7.987179741263385,unweighted_total_prob,0.2778227276340542,82.0,1306.0,64.0,105.0,-0.20522985899999996,-0.001241849000000017,-11.535972937736613,True,False,True,2
secnidazole,Secnidazole,1.143545626848934,2.685890854336316,1.143545626848934,100,0.124417,0.516469,0.124417,0.516469,1.143545626848934,0.0647990071944859,0.160653823701108,0.3707517604246628,0.1643314844431701,0.124417,0.516469,2.685890854336316,unweighted_total_prob,0.1643314844431701,1376.0,10.0,23.0,2.0,-0.42417085899999996,-0.0022708490000000747,-16.837261824663685,False,True,True,2
fluticasone_propiona,Fluticasone_propiona,0.8231785262352769,2.024918547831471,0.8231785262352769,100,0.127262,0.515746,0.127262,0.515746,0.8231785262352769,0.0695701755857049,0.1184471687098693,0.5485466950265095,0.1849162767235316,0.127262,0.515746,2.024918547831471,unweighted_total_prob,0.1849162767235316,1554.0,13.0,9.0,3.0,-0.42132585899999997,-0.002993848999999993,-17.498234131168527,False,True,True,2
guaifenesin,Guaifenesin,0.8661699896678307,1.993785559199745,0.8661699896678307,100,0.133186,0.517316,0.133186,0.517316,0.8661699896678307,0.0795049388720253,0.2100992410974911,0.5170471655629455,0.2192511051003957,0.133186,0.517316,1.993785559199745,unweighted_total_prob,0.2192511051003957,1562.0,20.0,56.0,14.0,-0.41540185899999993,-0.0014238490000000326,-17.529367119800256,False,True,True,2
stannous_fluoride,Stannous_fluoride,0.6981793841230659,1.5409956602379626,0.6981793841230659,100,0.154933,0.517456,0.154933,0.517456,0.6981793841230659,0.1159754481879622,0.2182720373613574,0.6621693627222364,0.2661328667641751,0.154933,0.517456,1.5409956602379626,unweighted_total_prob,0.2661328667641751,1614.0,52.0,60.0,78.0,-0.39365485899999997,-0.0012838490000000036,-17.982157018762038,False,True,True,2
lenvatinib,Lenvatinib,5.714665363542734,14.968424066901203,5.714665363542734,100,0.597835,0.522147,0.597835,0.522147,5.714665363542734,0.8587381978567475,0.4921190893169911,0.0053275651647266,0.5414084279024409,0.597835,0.522147,14.968424066901203,unweighted_total_prob,0.5414084279024409,1.0,1623.0,1024.0,1602.0,0.04924714100000005,0.003407150999999997,-4.5547286120987955,True,False,False,1
carfilzomib,Carfilzomib,6.068311084248124,14.84813261032104,6.068311084248124,100,0.524947,0.520345,0.524947,0.520345,6.068311084248124,0.7365023730064231,0.3869235259778152,0.0,0.4493703595936953,0.524947,0.520345,14.84813261032104,unweighted_total_prob,0.4493703595936953,2.0,1615.0,526.0,1471.0,-0.023640858999999903,0.0016051509999999158,-4.675020068678959,True,False,False,1
cobimetinib,Cobimetinib,5.484994726721196,14.721975430846207,5.484994726721196,100,0.509022,0.518905,0.509022,0.518905,5.484994726721196,0.709795569269986,0.3028604786923513,0.0091554376294654,0.406893506710828,0.509022,0.518905,14.721975430846207,unweighted_total_prob,0.406893506710828,3.0,1609.0,200.0,1227.0,-0.03956585899999998,0.000165150999999919,-4.801177248153792,True,False,False,1
axitinib,Axitinib,5.112318712286649,13.72094918787479,5.112318712286649,100,0.357419,0.523376,0.357419,0.523376,5.112318712286649,0.4555518288081303,0.5638645650904837,0.0160985838412084,0.4109862743276872,0.357419,0.523376,13.72094918787479,unweighted_total_prob,0.4109862743276872,5.0,1374.0,1275.0,1252.0,-0.19116885899999997,0.004636150999999922,-5.8022034911252085,True,False,False,1
momelotinib,Momelotinib,4.9487705710344,13.17106300592422,4.9487705710344,100,0.450843,0.519805,0.450843,0.519805,4.9487705710344,0.6122272719649835,0.355399883245767,0.0194757262583794,0.3909460073359761,0.450843,0.519805,13.17106300592422,unweighted_total_prob,0.3909460073359761,6.0,1589.0,396.0,1099.0,-0.09774485899999996,0.001065150999999931,-6.352089673075779,True,False,False,1
sunitinib,Sunitinib,4.869566153734921,13.042951587587591,4.869566153734921,100,0.432543,0.522936,0.432543,0.522936,4.869566153734921,0.581537506917775,0.5381786339754809,0.0211927678566576,0.4521250099286339,0.432543,0.522936,13.042951587587591,unweighted_total_prob,0.4521250099286339,7.0,1568.0,1183.0,1484.0,-0.11604485899999994,0.004196150999999926,-6.4802010914124075,True,False,False,1
pomalidomide,Pomalidomide,5.1076844356954085,12.898985881358382,5.1076844356954085,100,0.587253,0.519689,0.587253,0.519689,5.1076844356954085,0.8409917992922907,0.3486281377699933,0.0161913007568615,0.4790862349762859,0.587253,0.519689,12.898985881358382,unweighted_total_prob,0.4790862349762859,8.0,1622.0,363.0,1543.0,0.03866514100000007,0.0009491509999999259,-6.624166797641617,True,False,False,1
ixazomib,Ixazomib,4.977655807603149,12.77752515301108,4.977655807603149,100,0.49694,0.520447,0.49694,0.520447,4.977655807603149,0.689533616193463,0.392877991827205,0.0188631322432761,0.4367372696569224,0.49694,0.520447,12.77752515301108,unweighted_total_prob,0.4367372696569224,9.0,1606.0,557.0,1391.0,-0.05164785899999996,0.0017071509999999623,-6.745627525988919,True,False,False,1
cabozantinib,Cabozantinib,4.922902247309684,12.764697328209872,4.922902247309684,100,0.478943,0.522781,0.478943,0.522781,4.922902247309684,0.6593519931576918,0.529130180969065,0.0200304397882255,0.4793989576083478,0.478943,0.522781,12.764697328209872,unweighted_total_prob,0.4793989576083478,10.0,1602.0,1149.0,1544.0,-0.06964485899999995,0.004041151000000021,-6.758455350790127,True,False,False,1
selumetinib,Selumetinib,4.829876668658106,12.490287054330109,4.829876668658106,100,0.567685,0.524401,0.567685,0.524401,4.829876668658106,0.8081755521642153,0.6237011091652096,0.022074360904991,0.5771655367127682,0.567685,0.524401,12.490287054330109,unweighted_total_prob,0.5771655367127682,11.0,1621.0,1438.0,1621.0,0.01909714100000004,0.005661150999999975,-7.03286562466989,True,False,False,1
sorafenib,Sorafenib,4.665111480653285,12.370574537664648,4.665111480653285,100,0.377286,0.523216,0.377286,0.523216,4.665111480653285,0.4888695098022774,0.5545242265032135,0.0258945634930064,0.4225364072207976,0.377286,0.523216,12.370574537664648,unweighted_total_prob,0.4225364072207976,12.0,1451.0,1245.0,1314.0,-0.17130185899999995,0.004476150999999984,-7.152578141335351,True,False,False,1
infigratinib,Infigratinib,4.620111848227678,12.329129185527558,4.620111848227678,100,0.378759,0.519231,0.378759,0.519231,4.620111848227678,0.4913397843331266,0.3218914185639244,0.0269852839387818,0.3306895379465768,0.378759,0.519231,12.329129185527558,unweighted_total_prob,0.3306895379465768,13.0,1456.0,271.0,464.0,-0.16982885899999994,0.0004911509999999675,-7.194023493472441,True,False,False,1
gilteritinib,Gilteritinib,4.650496201775966,11.800433751195666,4.650496201775966,100,0.429401,0.521831,0.429401,0.521831,4.650496201775966,0.5762682587331668,0.4736719206071264,0.0262465003814287,0.425225371812403,0.429401,0.521831,11.800433751195666,unweighted_total_prob,0.425225371812403,14.0,1563.0,946.0,1334.0,-0.11918685899999998,0.003091151000000014,-7.722718927804333,True,False,False,1
lumacaftor,Lumacaftor,4.354779168032108,11.6898952499032,4.354779168032108,100,0.265808,0.52284,0.265808,0.52284,4.354779168032108,0.3019168525381945,0.5325744308231175,0.0338748381453828,0.3405714809736014,0.265808,0.52284,11.6898952499032,unweighted_total_prob,0.3405714809736014,15.0,654.0,1161.0,583.0,-0.28277985899999997,0.004100150999999941,-7.833257429096799,True,False,False,1
midostaurin,Midostaurin,4.637516570929436,11.57097607478499,4.637516570929436,100,0.389911,0.522019,0.389911,0.522019,4.637516570929436,0.5100420936121686,0.4846468184471711,0.0265609105447403,0.4031877469326839,0.389911,0.522019,11.57097607478499,unweighted_total_prob,0.4031877469326839,16.0,1488.0,994.0,1202.0,-0.15867685899999995,0.00327915099999998,-7.952176604215008,True,False,False,1
tepotinib,Tepotinib,4.080383996944873,11.494977917522188,4.080383996944873,100,0.407552,0.5182,0.407552,0.5182,4.080383996944873,0.5396266917104093,0.2617046117921786,0.0419421397837931,0.3289209493577938,0.407552,0.5182,11.494977917522188,unweighted_total_prob,0.3289209493577938,17.0,1524.0,121.0,440.0,-0.14103585899999993,-0.0005398490000000367,-8.02817476147781,True,False,False,1
pazopanib,Pazopanib,4.361597006674854,11.434160396456717,4.361597006674854,100,0.335854,0.523144,0.335854,0.523144,4.361597006674854,0.419386540106324,0.5503210741389426,0.0336873153581354,0.3946205087697337,0.335854,0.523144,11.434160396456717,unweighted_total_prob,0.3946205087697337,18.0,1261.0,1226.0,1128.0,-0.21273385899999997,0.004404151000000023,-8.088992282543282,True,False,False,1
ibrutinib,Ibrutinib,4.465303933015091,11.403519276529549,4.465303933015091,100,0.481256,0.523814,0.481256,0.523814,4.465303933015091,0.663230978215298,0.5894337419731486,0.0309054877956784,0.5072469856345143,0.481256,0.523814,11.403519276529549,unweighted_total_prob,0.5072469856345143,19.0,1603.0,1358.0,1584.0,-0.06733185899999994,0.005074150999999971,-8.11963340247045,True,False,False,1
everolimus,Everolimus,4.624533107690511,11.310119934380053,4.624533107690511,100,0.349074,0.524896,0.349074,0.524896,4.624533107690511,0.4415569605393348,0.6525977816695893,0.026877179226906,0.4430373327289508,0.349074,0.524896,11.310119934380053,unweighted_total_prob,0.4430373327289508,20.0,1337.0,1499.0,1434.0,-0.19951385899999996,0.006156150999999999,-8.213032744619946,True,False,False,1
temsirolimus,Temsirolimus,4.469917667005209,11.206249143928286,4.469917667005209,100,0.308682,0.524432,0.308682,0.524432,4.469917667005209,0.3738181086384142,0.625510799766494,0.030784728379016,0.4058885090377666,0.308682,0.524432,11.206249143928286,unweighted_total_prob,0.4058885090377666,21.0,1025.0,1445.0,1219.0,-0.23990585899999994,0.005692150999999979,-8.316903535071713,True,False,False,1
ruxolitinib,Ruxolitinib,4.552172648720442,11.179931875318283,4.552172648720442,100,0.528993,0.519099,0.528993,0.519099,4.552172648720442,0.7432876620436365,0.3141856392294223,0.0286728788793775,0.428723896285099,0.528993,0.519099,11.179931875318283,unweighted_total_prob,0.428723896285099,22.0,1616.0,237.0,1350.0,-0.01959485899999991,0.0003591509999999465,-8.343220803681715,True,False,False,1
tivozanib,Tivozanib,4.07247510878369,11.082764003425831,4.07247510878369,100,0.308976,0.521974,0.308976,0.521974,4.07247510878369,0.3743111573227791,0.4820198482195026,0.0421907820548035,0.3509705586278734,0.308976,0.521974,11.082764003425831,unweighted_total_prob,0.3509705586278734,24.0,1030.0,982.0,698.0,-0.23961185899999998,0.0032341510000000184,-8.440388675574168,True,False,False,1
pacritinib,Pacritinib,4.153788396622984,11.050066441297526,4.153788396622984,100,0.353634,0.521452,0.353634,0.521452,4.153788396622984,0.4492042462560163,0.4515469935785206,0.0396796027815069,0.3682364164901162,0.353634,0.521452,11.050066441297526,unweighted_total_prob,0.3682364164901162,25.0,1359.0,848.0,889.0,-0.19495385899999995,0.002712150999999996,-8.473086237702473,True,False,False,1
tazemetostat,Tazemetostat,4.316459219902752,11.040354780852793,4.316459219902752,100,0.356378,0.518798,0.356378,0.518798,4.316459219902752,0.4538060339767562,0.2966141272621137,0.034939839443989,0.3071560323843458,0.356378,0.518798,11.040354780852793,unweighted_total_prob,0.3071560323843458,26.0,1371.0,188.0,259.0,-0.19220985899999998,5.815099999995077e-05,-8.482797898147206,True,False,False,1
capivasertib,Capivasertib,4.146028487943111,10.885929249227043,4.146028487943111,100,0.421509,0.522069,0.421509,0.522069,4.146028487943111,0.5630330879270153,0.4875656742556939,0.0399149987190213,0.428222504616888,0.421509,0.522069,10.885929249227043,unweighted_total_prob,0.428222504616888,27.0,1547.0,1009.0,1348.0,-0.12707885899999993,0.0033291509999999747,-8.637223429772956,True,False,False,1
trametinib,Trametinib,4.1271433846093695,10.742121368646618,4.1271433846093695,100,0.682068,0.520208,0.682068,0.520208,4.1271433846093695,1.0,0.3789258610624654,0.0404915746780434,0.5596686593605948,0.682068,0.520208,10.742121368646618,unweighted_total_prob,0.5596686593605948,28.0,1625.0,482.0,1614.0,0.13348014100000005,0.0014681509999999731,-8.78103131035338,True,False,False,1
acalabrutinib,Acalabrutinib,3.9424864253960537,10.283037591725584,3.9424864253960537,100,0.381476,0.521832,0.381476,0.521832,3.9424864253960537,0.4958962920726492,0.4737302977232921,0.0464203490013998,0.3971347057186565,0.381476,0.521832,10.283037591725584,unweighted_total_prob,0.3971347057186565,30.0,1466.0,947.0,1152.0,-0.16711185899999997,0.003092150999999932,-9.240115087274415,True,False,False,1
olaparib,Olaparib,3.9112512452527866,10.196855854243037,3.9112512452527866,100,0.296128,0.522762,0.296128,0.522762,3.9112512452527866,0.3527645944087608,0.5280210157618203,0.047478571760544,0.3618099584203413,0.296128,0.522762,10.196855854243037,unweighted_total_prob,0.3618099584203413,31.0,928.0,1146.0,814.0,-0.25245985899999995,0.004022150999999918,-9.326296824756962,True,False,False,1
quizartinib,Quizartinib,3.9442638132721166,9.972345512360327,3.9442638132721166,100,0.384525,0.52093,0.384525,0.52093,3.9442638132721166,0.5010095758775093,0.4210741389375385,0.0463606365287547,0.3781056132317701,0.384525,0.52093,9.972345512360327,unweighted_total_prob,0.3781056132317701,32.0,1474.0,699.0,980.0,-0.16406285899999995,0.0021901509999999735,-9.550807166639672,True,False,False,1
selinexor,Selinexor,3.8906476353295134,9.922523654997343,3.8906476353295134,100,0.447796,0.519715,0.447796,0.519715,3.8906476353295134,0.6071173422328063,0.35014594279043,0.0481859060445312,0.3925424952182008,0.447796,0.519715,9.922523654997343,unweighted_total_prob,0.3925424952182008,34.0,1586.0,369.0,1113.0,-0.10079185899999993,0.0009751510000000074,-9.600629024002655,True,False,False,1
fedratinib,Fedratinib,3.8203725090716016,9.88917882367968,3.8203725090716016,100,0.408926,0.520212,0.408926,0.520212,3.8203725090716016,0.5419309396434621,0.3791593695271475,0.0506558837155961,0.3785673004113631,0.408926,0.520212,9.88917882367968,unweighted_total_prob,0.3785673004113631,35.0,1526.0,484.0,984.0,-0.13966185899999994,0.0014721509999999771,-9.633973855320319,True,False,False,1
dabrafenib,Dabrafenib,3.789363027084617,9.811439517885445,3.789363027084617,100,0.522556,0.523706,0.522556,0.523706,3.789363027084617,0.7324925791141894,0.583129013426739,0.0517749133569799,0.5366036196877674,0.522556,0.523706,9.811439517885445,unweighted_total_prob,0.5366036196877674,36.0,1614.0,1331.0,1599.0,-0.026031858999999935,0.004966150999999974,-9.711713161114554,True,False,False,1
pexidartinib,Pexidartinib,3.733497927850111,9.667045325040814,3.733497927850111,100,0.474714,0.518821,0.474714,0.518821,3.733497927850111,0.6522598064700064,0.2979568009340341,0.0538378099103693,0.39085420494369,0.474714,0.518821,9.667045325040814,unweighted_total_prob,0.39085420494369,37.0,1601.0,191.0,1098.0,-0.07387385899999993,8.115099999994602e-05,-9.856107353959185,True,False,False,1
leniolisib,Leniolisib,3.646568914409725,9.569650538265702,3.646568914409725,100,0.534234,0.519074,0.534234,0.519074,3.646568914409725,0.752077009508796,0.3127262113251642,0.0571734824865124,0.4373559848308866,0.534234,0.519074,9.569650538265702,unweighted_total_prob,0.4373559848308866,38.0,1618.0,231.0,1394.0,-0.014353858999999969,0.00033415100000000475,-9.953502140734297,True,False,False,1
zanubrutinib,Zanubrutinib,3.669191764201968,9.49171160906553,3.669191764201968,100,0.313152,0.520745,0.313152,0.520745,3.669191764201968,0.3813144610843716,0.4102743724460037,0.0562901758769267,0.3278935685875355,0.313152,0.520745,9.49171160906553,unweighted_total_prob,0.3278935685875355,39.0,1076.0,634.0,426.0,-0.23543585899999997,0.002005150999999983,-10.03144106993447,True,False,False,1
anagrelide,Anagrelide,3.791803808463736,9.403425272554156,3.791803808463736,100,0.512188,0.523776,0.512188,0.523776,3.791803808463736,0.7151050663267873,0.5872154115586721,0.0516861700081488,0.5312654251558135,0.512188,0.523776,9.403425272554156,unweighted_total_prob,0.5312654251558135,41.0,1610.0,1349.0,1597.0,-0.03639985899999998,0.005036150999999989,-10.119727406445843,True,False,False,1
ceritinib,Ceritinib,3.5810725684277696,9.270801588892931,3.5810725684277696,100,0.613098,0.52227,0.613098,0.52227,3.5810725684277696,0.8843348035351927,0.499299474605957,0.059793707136239,0.5654124526837078,0.613098,0.52227,9.270801588892931,unweighted_total_prob,0.5654124526837078,42.0,1624.0,1047.0,1616.0,0.06451014100000008,0.0035301509999999814,-10.252351090107068,True,False,False,1
ivacaftor,Ivacaftor,3.493667350150643,9.247925058007237,3.493667350150643,100,0.246464,0.5183,0.246464,0.5183,3.493667350150643,0.2694762615505878,0.2675423234092241,0.0634434451616683,0.2274961230162584,0.246464,0.5183,9.247925058007237,unweighted_total_prob,0.2274961230162584,43.0,497.0,132.0,19.0,-0.30212385899999994,-0.0004398490000000477,-10.275227620992762,True,False,False,1
enasidenib,Enasidenib,3.7632594462484095,9.246013093739744,3.7632594462484095,100,0.417443,0.520409,0.417443,0.520409,3.7632594462484095,0.5562142581629744,0.3906596614127285,0.0527312013809844,0.3892958081064781,0.417443,0.520409,9.246013093739744,unweighted_total_prob,0.3892958081064781,44.0,1541.0,544.0,1080.0,-0.13114485899999995,0.0016691509999999798,-10.277139585260255,True,False,False,1
ribociclib,Ribociclib,3.671860005799679,9.216178104281422,3.671860005799679,100,0.513849,0.524734,0.513849,0.524734,3.671860005799679,0.7178906236898154,0.6431406888499748,0.056186712266489,0.5556498674692139,0.513849,0.524734,9.216178104281422,unweighted_total_prob,0.5556498674692139,45.0,1611.0,1479.0,1612.0,-0.034738858999999955,0.005994151000000003,-10.306974574718577,True,False,False,1
alpelisib,Alpelisib,3.544003952806814,9.171006530523297,3.544003952806814,100,0.471663,0.521068,0.471663,0.521068,3.544003952806814,0.6471431685924635,0.4291301809690604,0.0613195789519271,0.442773255614995,0.471663,0.521068,9.171006530523297,unweighted_total_prob,0.442773255614995,46.0,1600.0,732.0,1432.0,-0.07692485899999996,0.002328150999999945,-10.352146148476702,True,False,False,1
nilotinib,Nilotinib,3.6750397855881594,9.170251999050375,3.6750397855881594,100,0.497076,0.525306,0.497076,0.525306,3.67503978558816,0.6897616931358903,0.6765323992994796,0.0560636094786305,0.5577303588698741,0.497076,0.525306,9.170251999050375,unweighted_total_prob,0.5577303588698741,47.0,1607.0,1527.0,1613.0,-0.05151185899999994,0.00656615100000002,-10.352900679949624,True,False,False,1
belinostat,Belinostat,3.5466200717724843,9.166825044900174,3.5466200717724843,100,0.383269,0.523168,0.383269,0.523168,3.5466200717724843,0.4989032182327392,0.5517221249270285,0.0612108443853315,0.4324923061409734,0.383269,0.523168,9.166825044900174,unweighted_total_prob,0.4324923061409734,48.0,1471.0,1234.0,1370.0,-0.16531885899999993,0.004428150999999936,-10.356327634099825,True,False,False,1
niraparib,Niraparib,3.582146192016078,9.152182009071106,3.582146192016078,100,0.39845,0.519682,0.39845,0.519682,3.582146192016078,0.5243623069311913,0.3482194979568012,0.0597499836663121,0.3609827186884595,0.39845,0.519682,9.152182009071106,unweighted_total_prob,0.3609827186884595,49.0,1509.0,356.0,806.0,-0.15013785899999993,0.0009421509999999467,-10.370970669928893,True,False,False,1
epalrestat,Epalrestat,3.410055853193624,9.002261213958258,3.410055853193624,100,0.425905,0.521385,0.425905,0.521385,3.410055853193624,0.5704053396837109,0.4476357267950973,0.0671098630158997,0.4206383991947032,0.425905,0.521385,9.002261213958258,unweighted_total_prob,0.4206383991947032,51.0,1554.0,826.0,1305.0,-0.12268285899999998,0.0026451509999999567,-10.52089146504174,True,False,False,1
avatrombopag,Avatrombopag,3.4743044555187206,8.926980577409262,3.4743044555187206,100,0.41363,0.522497,0.41363,0.522497,3.4743044555187206,0.549819718593302,0.5125510799766504,0.06427681899726,0.437803683227433,0.41363,0.522497,8.926980577409262,unweighted_total_prob,0.437803683227433,52.0,1536.0,1094.0,1396.0,-0.13495785899999996,0.0037571509999999586,-10.596172101590737,True,False,False,1
lorlatinib,Lorlatinib,3.2803661695215838,8.80522986873984,3.2803661695215838,100,0.341198,0.520501,0.341198,0.520501,3.280366169521584,0.4283486223146455,0.3960303561004099,0.0731666265431584,0.3443849166746539,0.341198,0.520501,8.80522986873984,unweighted_total_prob,0.3443849166746539,54.0,1292.0,573.0,622.0,-0.20738985899999995,0.0017611509999999608,-10.71792281026016,True,False,False,1
bortezomib,Bortezomib,3.50544625543989,8.7980374507606,3.50544625543989,100,0.371158,0.522758,0.371158,0.522758,3.50544625543989,0.4785926311023159,0.5277875072971382,0.0629409879670417,0.41514025295319,0.371158,0.522758,8.7980374507606,unweighted_total_prob,0.41514025295319,55.0,1430.0,1144.0,1277.0,-0.17742985899999997,0.004018150999999914,-10.7251152282394,True,False,False,1
dasatinib,Dasatinib,3.535276316897942,8.79057780653238,3.535276316897942,100,0.517818,0.525777,0.517818,0.525777,3.535276316897942,0.7245467809287427,0.7040280210157668,0.0616834923647008,0.5837666192507439,0.517818,0.525777,8.79057780653238,unweighted_total_prob,0.5837666192507439,56.0,1612.0,1550.0,1622.0,-0.030769858999999955,0.007037151000000019,-10.73257487246762,True,False,False,1
benzbromarone,Benzbromarone,3.614225785806773,8.768369171768422,3.614225785806773,100,0.268434,0.51935,0.268434,0.51935,3.614225785806773,0.3063207499706519,0.3288382953882082,0.0584555217493678,0.2657547224934176,0.268434,0.51935,8.768369171768422,unweighted_total_prob,0.2657547224934176,57.0,677.0,293.0,76.0,-0.28015385899999995,0.0006101509999999477,-10.754783507231577,True,False,False,1
rucaparib,Rucaparib,3.312127210525794,8.741393964737648,3.312127210525794,100,0.368019,0.521437,0.368019,0.521437,3.312127210525794,0.4733284140267319,0.4506713368359644,0.0716394670393545,0.3839277937529494,0.368019,0.521437,8.741393964737648,unweighted_total_prob,0.3839277937529494,58.0,1416.0,843.0,1038.0,-0.18056885899999997,0.0026971510000000087,-10.78175871426235,True,False,False,1
vemurafenib,Vemurafenib,3.380547684850169,8.725515875965353,3.380547684850169,100,0.42497,0.522669,0.42497,0.522669,3.380547684850169,0.568837310704523,0.5225919439579733,0.0684471132957499,0.4502611245241484,0.42497,0.522669,8.725515875965353,unweighted_total_prob,0.4502611245241484,59.0,1552.0,1129.0,1477.0,-0.12361785899999994,0.00392915100000002,-10.797636803034646,True,False,False,1
idelalisib,Idelalisib,3.49685884779319,8.716370407491919,3.49685884779319,100,0.543565,0.525138,0.543565,0.525138,3.49685884779319,0.7677254356101896,0.6667250437828388,0.0633069699180404,0.5864415857408195,0.543565,0.525138,8.716370407491919,unweighted_total_prob,0.5864415857408195,60.0,1619.0,1515.0,1623.0,-0.005022858999999991,0.006398150999999963,-10.80678227150808,True,False,False,1
tofacitinib,Tofacitinib,3.3065205053426308,8.678564533591267,3.3065205053426308,100,0.24992,0.518208,0.24992,0.518208,3.3065205053426308,0.2752720991463885,0.2621716287215428,0.0719069206683013,0.2293588752808327,0.24992,0.518208,8.678564533591267,unweighted_total_prob,0.2293588752808327,61.0,530.0,122.0,21.0,-0.2986678589999999,-0.0005318490000000287,-10.844588145408732,True,False,False,1
crizotinib,Crizotinib,3.1811541090719384,8.673120643943543,3.1811541090719384,100,0.39158,0.522944,0.39158,0.522944,3.1811541090719384,0.5128410672659277,0.5386456509048451,0.078133423882281,0.4362213720447653,0.39158,0.522944,8.673120643943543,unweighted_total_prob,0.4362213720447653,62.0,1492.0,1185.0,1387.0,-0.15700785899999997,0.004204150999999934,-10.850032035056456,True,False,False,1
telotristat_ethyl,Telotristat_ethyl,3.429430197412146,8.582719344645733,3.429430197412146,100,0.434873,0.520907,0.434873,0.520907,3.429430197412146,0.5854450015931846,0.4197314652656181,0.0662443720178593,0.415319461147093,0.434873,0.520907,8.582719344645733,unweighted_total_prob,0.415319461147093,63.0,1572.0,692.0,1279.0,-0.11371485899999995,0.0021671509999999783,-10.940433334354266,True,False,False,1
alectinib,Alectinib,3.318874778132884,8.578436460345978,3.318874778132884,100,0.484971,0.520485,0.484971,0.520485,3.318874778132884,0.6694611682235154,0.3950963222416815,0.0713187896251071,0.4400867541111002,0.484971,0.520485,8.578436460345978,unweighted_total_prob,0.4400867541111002,64.0,1605.0,565.0,1411.0,-0.06361685899999997,0.0017451509999999448,-10.94471621865402,True,False,False,1
entrectinib,Entrectinib,3.2256224218290286,8.563597768545145,3.2256224218290286,100,0.293142,0.518654,0.293142,0.518654,3.2256224218290286,0.3477569638934076,0.2882078225335654,0.0758694499754267,0.2695598045658746,0.293142,0.518654,8.563597768545145,unweighted_total_prob,0.2695598045658746,65.0,901.0,172.0,89.0,-0.25544585899999994,-8.584900000008222e-05,-10.959554910454854,True,False,False,1
osimertinib,Osimertinib,3.268537572119384,8.534140028059479,3.268537572119384,100,0.31621,0.524635,0.31621,0.524635,3.268537572119384,0.3864428382163041,0.637361354349095,0.0737429634722864,0.424270269720617,0.31621,0.524635,8.534140028059479,unweighted_total_prob,0.424270269720617,66.0,1110.0,1464.0,1329.0,-0.23237785899999996,0.005895150999999932,-10.98901265094052,True,False,False,1
romidepsin,Romidepsin,3.382130576437337,8.530464638024565,3.382130576437337,100,0.440057,0.523255,0.440057,0.523255,3.382130576437337,0.5941387579868856,0.5568009340338621,0.0683747875804444,0.474050834324388,0.440057,0.523255,8.530464638024565,unweighted_total_prob,0.474050834324388,67.0,1577.0,1253.0,1530.0,-0.10853085899999998,0.004515150999999995,-10.992688040975434,True,False,False,1
duvelisib,Duvelisib,3.3424895092379288,8.451811321079727,3.3424895092379288,100,0.346574,0.519624,0.346574,0.519624,3.3424895092379288,0.4373643696858911,0.3448336252189143,0.0702066966718202,0.3269205372962863,0.346574,0.519624,8.451811321079727,unweighted_total_prob,0.3269205372962863,69.0,1324.0,340.0,413.0,-0.20201385899999996,0.0008841509999999442,-11.071341357920272,True,False,False,1
bosutinib,Bosutinib,3.1399837738368643,8.361054413020607,3.1399837738368643,100,0.367409,0.519731,0.367409,0.519731,3.1399837738368643,0.4723054218584916,0.3510799766491583,0.0802866582076243,0.3454114910445849,0.367409,0.519731,8.361054413020607,unweighted_total_prob,0.3454114910445849,70.0,1414.0,373.0,633.0,-0.18117885899999997,0.0009911510000000234,-11.162098265979392,True,False,False,1
venetoclax,Venetoclax,3.477535753790288,8.343988548964258,3.477535753790288,100,0.438386,0.522563,0.438386,0.522563,3.477535753790288,0.5913364302604438,0.5164039696439015,0.0641370996413591,0.45592357989001,0.438386,0.522563,8.343988548964258,unweighted_total_prob,0.45592357989001,71.0,1576.0,1107.0,1496.0,-0.11020185899999996,0.003823150999999969,-11.17916413003574,True,False,False,1
mirabegron,Mirabegron,3.320383598562328,8.333760324865576,3.320383598562328,100,0.270889,0.522246,0.270889,0.522246,3.320383598562328,0.3104378741887337,0.4978984238178645,0.0712472614026045,0.3375839714831602,0.270889,0.522246,8.333760324865576,unweighted_total_prob,0.3375839714831602,72.0,706.0,1043.0,542.0,-0.27769885899999996,0.0035061509999999574,-11.189392354134423,True,False,False,1
osilodrostat,Osilodrostat,3.331864768359808,8.290159672498698,3.331864768359808,100,0.358186,0.519648,0.358186,0.519648,3.331864768359808,0.4568381156819668,0.3462346760070068,0.0707050988499889,0.3353701364455872,0.358186,0.519648,8.290159672498698,unweighted_total_prob,0.3353701364455872,73.0,1378.0,346.0,511.0,-0.19040185899999995,0.0009081509999999682,-11.232993006501301,True,False,False,1
tolvaptan,Tolvaptan,3.63113274592906,8.281000785529608,3.63113274592906,100,0.532216,0.517934,0.532216,0.517934,3.63113274592906,0.7486927501718963,0.2461762988908366,0.0577825030578075,0.4095041202366547,0.532216,0.517934,8.281000785529608,unweighted_total_prob,0.4095041202366547,74.0,1617.0,92.0,1240.0,-0.016371858999999933,-0.0008058490000000251,-11.24215189347039,True,False,False,1
vandetanib,Vandetanib,3.150089867692439,8.263413719832892,3.150089867692439,100,0.387746,0.521121,0.387746,0.521121,3.150089867692439,0.5064113099330863,0.4322241681260931,0.079752890884206,0.391404769400513,0.387746,0.521121,8.263413719832892,unweighted_total_prob,0.391404769400513,75.0,1486.0,749.0,1103.0,-0.16084185899999998,0.0023811509999999148,-11.259738959167107,True,False,False,1
trilaciclib,Trilaciclib,3.144311949843539,8.245162237435576,3.144311949843539,100,0.414171,0.518309,0.414171,0.518309,3.144311949843539,0.5507269952539873,0.2680677174547604,0.0800576395383732,0.3435294129911737,0.414171,0.518309,8.245162237435576,unweighted_total_prob,0.3435294129911737,76.0,1537.0,133.0,612.0,-0.13441685899999994,-0.0004308490000000109,-11.277990441564423,True,False,False,1
lenalidomide,Lenalidomide,3.3074177423026394,8.242274630814787,3.3074177423026394,100,0.427618,0.519513,0.427618,0.519513,3.3074177423026394,0.5732781029364907,0.3383537653239948,0.0718640593142605,0.3790255591670463,0.427618,0.519513,8.242274630814787,unweighted_total_prob,0.3790255591670463,77.0,1556.0,321.0,989.0,-0.12096985899999996,0.0007731509999999719,-11.280878048185212,True,False,False,1
palbociclib,Palbociclib,3.1917318158783,8.141050249338145,3.1917318158783,100,0.436815,0.524248,0.436815,0.524248,3.1917318158783,0.5887018061681397,0.6147694103911314,0.0775891726422784,0.4969063211521641,0.436815,0.524248,8.141050249338145,unweighted_total_prob,0.4969063211521641,78.0,1575.0,1417.0,1571.0,-0.11177285899999995,0.005508151000000017,-11.382102429661854,True,False,False,1
azacitidine,Azacitidine,3.3784421950113006,8.132531143724913,3.3784421950113006,100,0.276849,0.521415,0.276849,0.521415,3.3784421950113006,0.3204330107833437,0.4493870402802097,0.068543422677432,0.3216367049609077,0.276849,0.521415,8.132531143724913,unweighted_total_prob,0.3216367049609077,79.0,768.0,835.0,369.0,-0.27173885899999994,0.0026751509999999312,-11.390621535275086,True,False,False,1
ozanimod,Ozanimod,3.0935000746976566,8.120399355888363,3.0935000746976566,100,0.322301,0.523388,0.322301,0.523388,3.0935000746976566,0.3966576665716346,0.5645650904845299,0.0827866705375937,0.4010464369299846,0.322301,0.523388,8.120399355888363,unweighted_total_prob,0.4010464369299846,80.0,1160.0,1276.0,1184.0,-0.22628685899999995,0.004648150999999934,-11.402753323111636,True,False,False,1
baricitinib,Baricitinib,2.95900681405328,7.655402574688191,2.95900681405328,100,0.274903,0.517808,0.274903,0.517808,2.95900681405328,0.3171694980630231,0.2388207822533608,0.0904624666492421,0.240488605456402,0.274903,0.517808,7.655402574688191,unweighted_total_prob,0.240488605456402,92.0,751.0,81.0,29.0,-0.27368485899999995,-0.0009318489999999846,-11.867750104311808,False,False,True,1
pinacidil,Pinacidil,2.7842806819826347,6.952732212841506,2.7842806819826347,100,0.352886,0.516701,0.352886,0.516701,2.7842806819826347,0.447949823072666,0.1741973146526556,0.1015419086208033,0.2691672368142893,0.352886,0.516701,6.952732212841506,unweighted_total_prob,0.2691672368142893,131.0,1355.0,27.0,86.0,-0.19570185899999998,-0.0020388490000000647,-12.570420466158492,False,False,True,1
irinotecan,Irinotecan,2.6549223081674405,6.698493611067529,2.6549223081674405,100,0.375898,0.517582,0.375898,0.517582,2.6549223081674405,0.4865417833604455,0.2256275539988331,0.1106840665652774,0.307004548256767,0.375898,0.517582,6.698493611067529,unweighted_total_prob,0.307004548256767,150.0,1446.0,65.0,256.0,-0.17268985899999995,-0.001157849000000044,-12.824659067932469,False,False,True,1
bithionol,Bithionol,2.551974970195441,6.64953899569809,2.551974970195441,100,0.299059,0.515307,0.299059,0.515307,2.551974970195441,0.3576799879253384,0.0928196147110322,0.1186219715732383,0.2039242353691959,0.299059,0.515307,6.64953899569809,unweighted_total_prob,0.2039242353691959,153.0,955.0,4.0,8.0,-0.24952885899999994,-0.003432849000000071,-12.873613683301908,False,False,True,1
methapyrilene,Methapyrilene,2.4017439895775152,6.445418799296017,2.4017439895775152,100,0.355322,0.517762,0.355322,0.517762,2.4017439895775152,0.4520350836002616,0.2361354349095137,0.1314268477329865,0.3015535769505075,0.355322,0.517762,6.445418799296017,unweighted_total_prob,0.3015535769505075,165.0,1364.0,77.0,221.0,-0.19326585899999993,-0.0009778490000000861,-13.077733879703981,False,False,True,1
cefadroxil,Cefadroxil,2.341318053472785,5.914712266996498,2.341318053472785,100,0.313109,0.517589,0.313109,0.517589,2.341318053472785,0.3812423485216925,0.2260361938120252,0.1370406261212357,0.2703195421577342,0.313109,0.517589,5.914712266996498,unweighted_total_prob,0.2703195421577342,238.0,1074.0,66.0,93.0,-0.23547885899999993,-0.0011508490000000648,-13.6084404120035,False,False,True,1
bretylium,Bretylium,2.2117042258381825,5.79217210039496,2.2117042258381825,100,0.338166,0.517309,0.338166,0.517309,2.2117042258381825,0.423263848127589,0.2096906012842991,0.1501168659686947,0.2832051529584942,0.338166,0.517309,5.79217210039496,unweighted_total_prob,0.2832051529584942,257.0,1274.0,55.0,134.0,-0.21042185899999993,-0.0014308490000000118,-13.730980578605038,False,False,True,1
tienilic_acid,Tienilic_acid,2.280646275612524,5.757305981591339,2.280646275612524,100,0.318546,0.5178,0.318546,0.5178,2.280646275612524,0.390360395109762,0.2383537653239967,0.1429765370939358,0.2800809715922907,0.318546,0.5178,5.757305981591339,unweighted_total_prob,0.2800809715922907,259.0,1132.0,80.0,118.0,-0.23004185899999996,-0.0009398489999999926,-13.765846697408659,False,False,True,1
upadacitinib,Upadacitinib,2.269034999096764,5.576070860028263,2.269034999096764,100,0.240935,0.514822,0.240935,0.514822,2.269034999096764,0.2602039276191115,0.064506713368361,0.1441487320391709,0.1587140028028232,0.240935,0.514822,5.576070860028263,unweighted_total_prob,0.1587140028028232,292.0,460.0,2.0,1.0,-0.30765285899999995,-0.003917849000000029,-13.947081818971736,False,False,True,1
bufexamac,Bufexamac,2.1248738259077053,5.479765383526678,2.1248738259077053,100,0.287215,0.517259,0.287215,0.517259,2.1248738259077053,0.337817169498063,0.2067717454757764,0.1597691614925694,0.2497893982880497,0.287215,0.517259,5.479765383526678,unweighted_total_prob,0.2497893982880497,312.0,856.0,50.0,47.0,-0.26137285899999996,-0.0014808490000000063,-14.04338729547332,False,False,True,1
haloprogin,Haloprogin,2.1684348241426035,5.45849602669477,2.1684348241426035,100,0.297947,0.517154,0.297947,0.517154,2.1684348241426035,0.3558151235137265,0.2006421482778767,0.1548301810463712,0.2535489449259155,0.297947,0.517154,5.45849602669477,unweighted_total_prob,0.2535489449259155,317.0,944.0,41.0,52.0,-0.25064085899999994,-0.001585849000000028,-14.064656652305228,False,False,True,1
dantron,Dantron,2.0823077194392665,5.3115520942956165,2.0823077194392665,100,0.307298,0.515908,0.307298,0.515908,2.0823077194392665,0.3714970903419478,0.1279042615294837,0.1647949577021224,0.2327195322889971,0.307298,0.515908,5.3115520942956165,unweighted_total_prob,0.2327195322889971,347.0,1018.0,11.0,25.0,-0.24128985899999994,-0.0028318489999999974,-14.211600584704382,False,False,True,1
vilazodone,Vilazodone,1.874394725193268,5.301889907568689,1.874394725193268,100,0.315729,0.517608,0.315729,0.517608,1.874394725193268,0.3856361837361015,0.2271453590192634,0.192623770150448,0.2836373711322356,0.315729,0.517608,5.301889907568689,unweighted_total_prob,0.2836373711322356,351.0,1102.0,67.0,135.0,-0.23285885899999997,-0.0011318490000000736,-14.22126277143131,False,False,True,1
deslanoside,Deslanoside,2.071593909827059,5.2833970244973845,2.071593909827059,100,0.396519,0.517184,0.396519,0.517184,2.071593909827059,0.5211239497559913,0.202393461762989,0.1660924757080952,0.3226254597492112,0.396519,0.517184,5.2833970244973845,unweighted_total_prob,0.3226254597492112,355.0,1505.0,44.0,374.0,-0.15206885899999995,-0.0015558490000000536,-14.239755654502614,False,False,True,1
methyclothiazide,Methyclothiazide,2.181629678583702,5.227705761790271,2.181629678583702,100,0.359571,0.515753,0.359571,0.515753,2.181629678583702,0.4591608110147746,0.1188558085230613,0.153373058088214,0.2618812594327772,0.359571,0.515753,5.227705761790271,unweighted_total_prob,0.2618812594327772,371.0,1386.0,10.0,69.0,-0.18901685899999998,-0.0029868490000000136,-14.295446917209727,False,False,True,1
pivampicillin,Pivampicillin,2.181062824279068,5.145615639165039,2.181062824279068,100,0.319886,0.513717,0.319886,0.513717,2.181062824279068,0.3926076238072079,0.0,0.1534352940268761,0.1877301083282584,0.319886,0.513717,5.145615639165039,unweighted_total_prob,0.1877301083282584,396.0,1140.0,1.0,4.0,-0.22870185899999995,-0.005022849000000051,-14.377537039834959,False,False,True,1
asenapine,Asenapine,2.0411181743955225,5.143121147528286,2.0411181743955225,100,0.362305,0.517646,0.362305,0.517646,2.0411181743955225,0.4637458283721007,0.2293636894337464,0.169857782978526,0.3112153637180441,0.362305,0.517646,5.143121147528286,unweighted_total_prob,0.3112153637180441,397.0,1394.0,71.0,293.0,-0.18628285899999997,-0.00109384899999998,-14.380031531471712,False,False,True,1
cinacalcet,Cinacalcet,2.1866283716401065,5.041561657562848,2.1866283716401065,100,0.25891,0.517354,0.25891,0.517354,2.1866283716401065,0.2903486558553723,0.2123175715119676,0.1528256395992925,0.2316316188667945,0.25891,0.517354,5.041561657562848,unweighted_total_prob,0.2316316188667945,415.0,606.0,57.0,24.0,-0.289677859,-0.00138584900000005,-14.48159102143715,False,False,True,1
trichlormethiazide,Trichlormethiazide,2.061459713894872,5.013138437643642,2.061459713894872,100,0.379363,0.51611,0.379363,0.51611,2.061459713894872,0.4923527142833185,0.1396964389959125,0.167332210594477,0.2862861034305878,0.379363,0.51611,5.013138437643642,unweighted_total_prob,0.2862861034305878,423.0,1459.0,17.0,149.0,-0.16922485899999995,-0.002629849000000073,-14.510014241356357,False,False,True,1
ceftibuten,Ceftibuten,2.1979960546828785,5.00289062224328,2.1979960546828785,100,0.359566,0.516667,0.359566,0.516667,2.1979960546828785,0.4591524258330678,0.1722124927028611,0.1515900078122177,0.2828639689768151,0.359566,0.516667,5.00289062224328,unweighted_total_prob,0.2828639689768151,426.0,1385.0,26.0,131.0,-0.18902185899999996,-0.0020728490000000432,-14.520262056756719,False,False,True,1
thiethylperazine,Thiethylperazine,1.9656946523580685,4.972752314060922,1.9656946523580685,100,0.218563,0.517126,0.218563,0.517126,1.9656946523580685,0.2226852705898137,0.1990075890251021,0.1796784640234884,0.204612836650664,0.218563,0.517126,4.972752314060922,unweighted_total_prob,0.204612836650664,433.0,317.0,40.0,9.0,-0.33002485899999995,-0.001613849000000056,-14.550400364939076,False,False,True,1
ethionamide,Ethionamide,1.873066379595546,4.924144538119431,1.873066379595546,100,0.19624,0.517485,0.19624,0.517485,1.873066379595546,0.1852487883412433,0.2199649737302976,0.1928214288174783,0.200649790592112,0.19624,0.517485,4.924144538119431,unweighted_total_prob,0.200649790592112,445.0,193.0,62.0,7.0,-0.352347859,-0.0012548490000000578,-14.599008140880567,False,False,True,1
lactitol,Lactitol,1.9943842465989277,4.862905826419588,1.9943842465989277,100,0.404574,0.515527,0.404574,0.515527,1.994384246598928,0.5346324774857871,0.1056625802685336,0.1758553388434582,0.29128909087042,0.404574,0.515527,4.862905826419588,unweighted_total_prob,0.29128909087042,460.0,1519.0,6.0,169.0,-0.14401385899999997,-0.003212849000000073,-14.66024685258041,False,False,True,1
trimethobenzamide,Trimethobenzamide,1.826598542276768,4.810459287837143,1.826598542276768,100,0.15615,0.520585,0.15615,0.520585,1.826598542276768,0.1180164014154187,0.400934033858727,0.1999168011209768,0.2475635343338536,0.15615,0.520585,4.810459287837143,unweighted_total_prob,0.2475635343338536,479.0,55.0,591.0,43.0,-0.39243785899999994,0.0018451509999999338,-14.712693391162855,False,True,False,1
buformin,Buformin,1.9477509811054892,4.802569540217514,1.9477509811054892,100,0.366375,0.517027,0.366375,0.517027,1.9477509811054887,0.4705713662815073,0.1932282545242288,0.1821268552773929,0.3019452193777731,0.366375,0.517027,4.802569540217514,unweighted_total_prob,0.3019452193777731,480.0,1412.0,39.0,225.0,-0.18221285899999995,-0.0017128490000000163,-14.720583138782484,False,False,True,1
filgotinib,Filgotinib,1.885848144348709,4.780864525586362,1.885848144348709,100,0.26653,0.516026,0.26653,0.516026,1.885848144348709,0.3031276727766691,0.1347927612375953,0.1909310452378062,0.213354382653267,0.26653,0.516026,4.780864525586362,unweighted_total_prob,0.213354382653267,487.0,659.0,13.0,11.0,-0.28205785899999997,-0.002713849000000046,-14.742288153413636,False,False,True,1
fidaxomicin,Fidaxomicin,2.028482102416453,4.749666040763254,2.028482102416453,100,0.199674,0.517163,0.199674,0.517163,2.028482102416453,0.1910077311375337,0.201167542323413,0.1714521627096771,0.1911605419263141,0.199674,0.517163,4.749666040763254,unweighted_total_prob,0.1911605419263141,496.0,213.0,42.0,6.0,-0.34891385899999994,-0.0015768489999999913,-14.773486638236745,False,False,True,1
trimethadione,Trimethadione,1.9802745569497329,4.736696476116771,1.9802745569497329,100,0.296563,0.51617,0.296563,0.51617,1.9802745569497329,0.3534941052172601,0.1431990659661437,0.1777217280840198,0.2342216140901655,0.296563,0.51617,4.736696476116771,unweighted_total_prob,0.2342216140901655,499.0,931.0,18.0,26.0,-0.25202485899999993,-0.002569849000000013,-14.786456202883228,False,False,True,1
cefonicid,Cefonicid,2.0170312868431197,4.6982955336570695,2.0170312868431197,100,0.276982,0.51609,0.276982,0.51609,2.01703128684312,0.3206560566167469,0.1385288966725086,0.172914244299229,0.218256830175548,0.276982,0.51609,4.6982955336570695,unweighted_total_prob,0.218256830175548,515.0,770.0,15.0,13.0,-0.27160585899999995,-0.002649848999999982,-14.824857145342929,False,False,True,1
methotrimeprazine,Methotrimeprazine,1.944875560980288,4.644630597904319,1.944875560980288,100,0.323945,0.516383,0.323945,0.516383,1.944875560980288,0.3994147143168592,0.155633391710453,0.1825234026353664,0.2585239229379982,0.323945,0.516383,4.644630597904319,unweighted_total_prob,0.2585239229379982,540.0,1171.0,21.0,62.0,-0.22464285899999997,-0.002356848999999994,-14.87852208109568,False,False,True,1
isoflurophate,Isoflurophate,1.9806303458753955,4.607134789228435,1.9806303458753955,100,0.239776,0.517253,0.239776,0.517253,1.9806303458753955,0.2582602424994549,0.20642148277875,0.1776743385330949,0.2214075578179009,0.239776,0.517253,4.607134789228435,unweighted_total_prob,0.2214075578179009,553.0,453.0,49.0,17.0,-0.30881185899999997,-0.0014868490000000678,-14.916017889771563,False,False,True,1
leucovorin,Leucovorin,1.9269629597198197,4.478903094306584,1.9269629597198197,100,0.310823,0.51721,0.310823,0.51721,1.92696295971982,0.3774086434453035,0.2039112667834193,0.1850203677581128,0.2695320376431117,0.310823,0.51721,4.478903094306584,unweighted_total_prob,0.2695320376431117,605.0,1053.0,45.0,88.0,-0.23776485899999994,-0.001529849000000083,-15.044249584693414,False,False,True,1
cyclandelate,Cyclandelate,1.7860093261348062,4.464029543101783,1.7860093261348062,100,0.331288,0.516311,0.331288,0.516311,1.7860093261348062,0.4117291921715944,0.1514302393461756,0.2064166437030586,0.2665471013477197,0.331288,0.516311,4.464029543101783,unweighted_total_prob,0.2665471013477197,615.0,1226.0,20.0,79.0,-0.21729985899999993,-0.002428849000000066,-15.059123135898215,False,False,True,1
bacampicillin,Bacampicillin,1.8957935707643607,4.4422142393887,1.8957935707643607,100,0.312979,0.517488,0.312979,0.517488,1.8957935707643607,0.3810243337973134,0.2201401050788075,0.1894777807972033,0.2783613317098891,0.312979,0.517488,4.4422142393887,unweighted_total_prob,0.2783613317098891,619.0,1072.0,63.0,107.0,-0.23560885899999995,-0.0012518490000000826,-15.080938439611298,False,False,True,1
clidinium,Clidinium,1.8812317272182533,4.435255682095881,1.8812317272182533,100,0.331398,0.517826,0.331398,0.517826,1.8812317272182533,0.4119136661691459,0.239871570344427,0.191610835648586,0.2990362617351463,0.331398,0.517826,4.435255682095881,unweighted_total_prob,0.2990362617351463,621.0,1228.0,82.0,209.0,-0.21718985899999993,-0.0009138490000000221,-15.087896996904117,False,False,True,1
roxithromycin,Roxithromycin,1.820864216051994,4.37553832866251,1.820864216051994,100,0.138297,0.520151,0.138297,0.520151,1.820864216051994,0.0880762716128058,0.3755983654407506,0.200817502301235,0.2256333552816696,0.138297,0.520151,4.37553832866251,unweighted_total_prob,0.2256333552816696,640.0,23.0,472.0,18.0,-0.41029085899999995,0.0014111509999999994,-15.147614350337488,False,True,False,1
etacrynic_acid,Etacrynic_acid,1.8245930901262888,4.358118269592518,1.8245930901262888,100,0.381369,0.51675,0.381369,0.51675,1.8245930901262888,0.4957168491841219,0.1770577933450126,0.200231157425879,0.3091560884968297,0.381369,0.51675,4.358118269592518,unweighted_total_prob,0.3091560884968297,650.0,1465.0,30.0,280.0,-0.16721885899999994,-0.001989848999999988,-15.16503440940748,False,False,True,1
canagliflozin,Canagliflozin,1.652392923249861,4.339719606563444,1.652392923249861,100,0.165681,0.520416,0.165681,0.520416,1.652392923249861,0.1340002347850878,0.3910683012259205,0.23006939855552,0.2560412941155073,0.165681,0.520416,4.339719606563444,unweighted_total_prob,0.2560412941155073,657.0,75.0,547.0,58.0,-0.382906859,0.001676150999999959,-15.183433072436555,False,True,False,1
ouabain,Ouabain,1.7161949426867047,4.313097327947612,1.7161949426867047,100,0.372651,0.517624,0.372651,0.517624,1.7161949426867047,0.4810964463599927,0.2280793928779917,0.2183157287951958,0.3273334814542329,0.372651,0.517624,4.313097327947612,unweighted_total_prob,0.3273334814542329,666.0,1433.0,68.0,421.0,-0.17593685899999995,-0.0011158490000000576,-15.210055351052386,False,False,True,1
adenosine_phosphate,Adenosine_phosphate,1.8102319779805824,4.270975228399034,1.8102319779805824,100,0.322374,0.517705,0.322374,0.517705,1.8102319779805824,0.3967800902245552,0.2328079392877989,0.2025026264500956,0.2923357370949608,0.322374,0.517705,4.270975228399034,unweighted_total_prob,0.2923357370949608,684.0,1161.0,73.0,177.0,-0.22621385899999996,-0.0010348490000000599,-15.252177450600964,False,False,True,1
sofosbuvir,Sofosbuvir,1.6623289491049928,4.221639195457096,1.6623289491049928,100,0.324674,0.516786,0.324674,0.516786,1.6623289491049928,0.4006372738097235,0.1791593695271449,0.2281796613139041,0.2775545895975282,0.324674,0.516786,4.221639195457096,unweighted_total_prob,0.2775545895975282,701.0,1177.0,31.0,104.0,-0.22391385899999994,-0.001953849000000063,-15.301513483542902,False,False,True,1
empagliflozin,Empagliflozin,1.6647066506789976,4.171593271195884,1.6647066506789976,100,0.182745,0.517165,0.182745,0.517165,1.6647066506789976,0.1626171829143537,0.2012842965557507,0.227730790191968,0.1911067498264354,0.182745,0.517165,4.171593271195884,unweighted_total_prob,0.1911067498264354,716.0,139.0,43.0,5.0,-0.36584285899999996,-0.0015748490000000448,-15.351559407804114,False,False,True,1
dolasetron,Dolasetron,1.714443274447692,4.127364581450815,1.714443274447692,100,0.433596,0.517229,0.433596,0.517229,1.714443274447692,0.5833034261852453,0.205020431990664,0.2186267436416708,0.3590548919986979,0.433596,0.517229,4.127364581450815,unweighted_total_prob,0.3590548919986979,732.0,1571.0,48.0,780.0,-0.11499185899999997,-0.0015108489999999808,-15.395788097549184,False,False,True,1
cinnarizine,Cinnarizine,1.6066944250138455,4.041816433891649,1.6066944250138455,100,0.167129,0.523413,0.167129,0.523413,1.6066944250138455,0.1364285834074024,0.5660245183887945,0.2390617716733248,0.3287935950531437,0.167129,0.523413,4.041816433891649,unweighted_total_prob,0.3287935950531437,765.0,82.0,1283.0,438.0,-0.381458859,0.0046731509999999865,-15.48133624510835,False,True,False,1
estradiol_cypionate,Estradiol_cypionate,1.6374080539913831,4.009462494403119,1.6374080539913831,100,0.357909,0.515325,0.357909,0.515325,1.6374080539913831,0.4563735766154053,0.0938704028021048,0.2329627534909205,0.2666901424651882,0.357909,0.515325,4.009462494403119,unweighted_total_prob,0.2666901424651882,786.0,1377.0,5.0,80.0,-0.19067885899999998,-0.0034148489999999976,-15.513690184596879,False,False,True,1
benziodarone,Benziodarone,1.6053564281202837,3.999004499986763,1.6053564281202837,100,0.269239,0.516923,0.269239,0.516923,1.6053564281202837,0.3076707642254608,0.1871570344425012,0.2393327717104758,0.24579767380928,0.269239,0.516923,3.999004499986763,unweighted_total_prob,0.24579767380928,789.0,685.0,33.0,39.0,-0.27934885899999995,-0.0018168490000000093,-15.524148179013237,False,False,True,1
gemfibrozil,Gemfibrozil,1.5047854189062473,3.9886880852282,1.5047854189062473,100,0.164403,0.522111,0.164403,0.522111,1.5047854189062473,0.1318569823408073,0.4900175131348525,0.2610820958559268,0.3009662173614493,0.164403,0.522111,3.9886880852282,unweighted_total_prob,0.3009662173614493,794.0,71.0,1017.0,218.0,-0.384184859,0.003371150999999961,-15.5344645937718,False,True,False,1
dihydroergotamine,Dihydroergotamine,1.51702413887251,3.901597883552308,1.51702413887251,100,0.121791,0.525221,0.121791,0.525221,1.51702413887251,0.0603951097620285,0.6715703444249903,0.258281258207395,0.3444424333162865,0.121791,0.525221,3.901597883552308,unweighted_total_prob,0.3444424333162865,834.0,7.0,1522.0,625.0,-0.426796859,0.006481151000000018,-15.621554795447691,False,True,False,1
meropenem,Meropenem,1.8414603816810973,3.826906131580467,1.8414603816810973,100,0.451908,0.516495,0.451908,0.516495,1.8414603816810973,0.6140133156685504,0.1621716287215447,0.1976085339166833,0.3499956845393747,0.451908,0.516495,3.826906131580467,unweighted_total_prob,0.3499956845393747,862.0,1591.0,24.0,681.0,-0.09667985899999998,-0.002244848999999993,-15.696246547419532,False,False,True,1
linagliptin,Linagliptin,1.5265994290355576,3.731182977557178,1.5265994290355576,100,0.14289,0.520956,0.14289,0.520956,1.5265994290355576,0.0957788995287527,0.4225919439579687,0.2561212601536503,0.2585725894254186,0.14289,0.520956,3.731182977557178,unweighted_total_prob,0.2585725894254186,901.0,30.0,706.0,63.0,-0.405697859,0.002216150999999944,-15.79196970144282,False,True,False,1
idoxuridine,Idoxuridine,1.6520358731737343,3.7116099791601256,1.6520358731737343,100,0.316254,0.515601,0.316254,0.515601,1.6520358731737343,0.3865166278153247,0.1099824868651488,0.2301377291711419,0.2446271917064178,0.316254,0.515601,3.7116099791601256,unweighted_total_prob,0.2446271917064178,908.0,1112.0,7.0,37.0,-0.23233385899999998,-0.0031388490000000546,-15.811542699839872,False,False,True,1
fosinopril,Fosinopril,1.5084713045740483,3.681989120319481,1.5084713045740483,100,0.310789,0.517306,0.310789,0.517306,1.5084713045740483,0.3773516242096966,0.2095154699357891,0.2602337963076939,0.2867935969197331,0.310789,0.517306,3.681989120319481,unweighted_total_prob,0.2867935969197331,919.0,1050.0,54.0,150.0,-0.23779885899999997,-0.001433848999999987,-15.841163558680519,False,False,True,1
topiramate,Topiramate,1.4623605664120969,3.664663934148844,1.4623605664120969,100,0.219024,0.516708,0.219024,0.516708,1.4623605664120969,0.2234583843431887,0.1746059544658476,0.2711539702843632,0.2134565295804872,0.219024,0.516708,3.664663934148844,unweighted_total_prob,0.2134565295804872,928.0,320.0,28.0,12.0,-0.32956385899999996,-0.0020318490000000855,-15.858488744851154,False,False,True,1
acetylcholine,Acetylcholine,1.5144976233132166,3.631322929635639,1.5144976233132166,100,0.157066,0.528091,0.157066,0.528091,1.5144976233132166,0.1195525667041205,0.8391126678342099,0.2588557447940348,0.4352372427741391,0.157066,0.528091,3.631322929635639,unweighted_total_prob,0.4352372427741391,941.0,56.0,1616.0,1384.0,-0.3915218589999999,0.009351150999999946,-15.89182974936436,False,True,False,1
nefazodone,Nefazodone,1.3915537430904787,3.625829445198173,1.3915537430904787,100,0.151328,0.522155,0.151328,0.522155,1.3915537430904787,0.1099297321772962,0.4925861062463553,0.2893317008794481,0.2988726755453503,0.151328,0.522155,3.625829445198173,unweighted_total_prob,0.2988726755453503,946.0,46.0,1028.0,208.0,-0.39725985899999994,0.003415151000000005,-15.897323233801826,False,True,False,1
norethynodrel,Norethynodrel,1.478874545847064,3.603315742686386,1.478874545847064,100,0.343412,0.516097,0.343412,0.516097,1.478874545847064,0.4320615807744554,0.1389375364857006,0.2671647782671982,0.2818326025575021,0.343412,0.516097,3.603315742686386,unweighted_total_prob,0.2818326025575021,960.0,1307.0,16.0,127.0,-0.20517585899999996,-0.0026428490000000027,-15.919836936313613,False,False,True,1
zidovudine,Zidovudine,1.5036291466094531,3.5798941496759604,1.5036291466094531,100,0.166999,0.523438,0.166999,0.523438,1.5036291466094531,0.1362105686830234,0.5674839462930527,0.2613490666873154,0.3337476193278935,0.166999,0.523438,3.5798941496759604,unweighted_total_prob,0.3337476193278935,971.0,80.0,1286.0,491.0,-0.38158885899999995,0.004698150999999928,-15.943258529324039,False,True,False,1
ciprofloxacin,Ciprofloxacin,1.496394473174585,3.574990181252356,1.496394473174585,100,0.163742,0.521902,0.163742,0.521902,1.496394473174585,0.1307484613191568,0.4778166958552252,0.2630288416534531,0.2960318312004434,0.163742,0.521902,3.574990181252356,unweighted_total_prob,0.2960318312004434,974.0,68.0,961.0,187.0,-0.38484585899999996,0.0031621509999999464,-15.948162497747642,False,True,False,1
estradiol_acetate,Estradiol_acetate,1.465555075602604,3.537018226459618,1.465555075602604,100,0.329476,0.516935,0.329476,0.516935,1.465555075602604,0.4086904023210183,0.1878575598365474,0.2703752768123589,0.2926942402254981,0.329476,0.516935,3.537018226459618,unweighted_total_prob,0.2926942402254981,991.0,1213.0,35.0,180.0,-0.21911185899999996,-0.0018048489999999973,-15.98613445254038,False,False,True,1
cinchocaine,Cinchocaine,1.4753148934571052,3.532235221937294,1.4753148934571052,100,0.283365,0.516281,0.283365,0.516281,1.4753148934571052,0.3313605795837596,0.1496789258610632,0.2680171136795585,0.2460192249138408,0.283365,0.516281,3.532235221937294,unweighted_total_prob,0.2460192249138408,994.0,822.0,19.0,41.0,-0.265222859,-0.0024588490000000407,-15.990917457062706,False,False,True,1
triazolam,Triazolam,1.3647807752247882,3.5241916924714998,1.3647807752247882,100,0.138326,0.523306,0.138326,0.523306,1.3647807752247882,0.0881249056667058,0.559778166958557,0.2966963598303868,0.3185005010161825,0.138326,0.523306,3.5241916924714998,unweighted_total_prob,0.3185005010161825,998.0,24.0,1261.0,343.0,-0.41026185899999995,0.004566151000000018,-15.998960986528498,False,True,False,1
isradipine,Isradipine,1.4228350049816052,3.3751712664961766,1.4228350049816052,100,0.220472,0.517282,0.220472,0.517282,1.4228350049816052,0.2258867329655033,0.2081144191476967,0.2810779996807902,0.2298160607814381,0.220472,0.517282,3.3751712664961766,unweighted_total_prob,0.2298160607814381,1060.0,335.0,52.0,22.0,-0.32811585899999995,-0.001457849000000011,-16.14798141250382,False,False,True,1
epirubicin,Epirubicin,1.344497133267576,3.342062754556532,1.344497133267576,100,0.302816,0.517753,0.302816,0.517753,1.344497133267576,0.3639806134598936,0.2356100408639839,0.3024712291686913,0.3003305075632893,0.302816,0.517753,3.342062754556532,unweighted_total_prob,0.3003305075632893,1075.0,989.0,76.0,213.0,-0.24577185899999998,-0.0009868490000000119,-16.181089924443466,False,False,True,1
trimetazidine,Trimetazidine,1.4243910723598654,3.3150580711662725,1.4243910723598654,100,0.166607,0.523936,0.166607,0.523936,1.4243910723598654,0.1355531704372033,0.5965557501459423,0.2806768895627558,0.3489789461458095,0.166607,0.523936,3.3150580711662725,unweighted_total_prob,0.3489789461458095,1090.0,77.0,1377.0,673.0,-0.38198085899999995,0.005196150999999927,-16.208094607833726,False,True,False,1
dipyridamole,Dipyridamole,1.2804453507764246,3.2622266728430938,1.2804453507764246,100,0.157278,0.524232,0.157278,0.524232,1.2804453507764246,0.1199080984084925,0.613835376532403,0.3219082318842509,0.3578790363532084,0.157278,0.524232,3.2622266728430938,unweighted_total_prob,0.3578790363532084,1114.0,57.0,1411.0,766.0,-0.3913098589999999,0.005492151000000001,-16.260926006156904,False,True,False,1
nalmefene,Nalmefene,1.2639962129993343,3.231949008069928,1.2639962129993343,100,0.307588,0.517291,0.307588,0.517291,1.2639962129993343,0.3719834308809471,0.2086398131932265,0.327217752619099,0.2976928481534893,0.307588,0.517291,3.231949008069928,unweighted_total_prob,0.2976928481534893,1125.0,1020.0,53.0,200.0,-0.24099985899999998,-0.0014488490000000853,-16.29120367093007,False,False,True,1
nicorandil,Nicorandil,1.3294223437085728,3.2164087388664435,1.3294223437085728,100,0.159708,0.521733,0.159708,0.521733,1.3294223437085728,0.1239832967180398,0.4679509632224187,0.3068772587358538,0.2981491557233542,0.159708,0.521733,3.2164087388664435,unweighted_total_prob,0.2981491557233542,1132.0,62.0,919.0,203.0,-0.388879859,0.0029931509999999717,-16.306743940133554,False,True,False,1
econazole,Econazole,1.4390292609343285,3.215674612671132,1.4390292609343285,100,0.143346,0.526502,0.143346,0.526502,1.4390292609343285,0.0965436281004209,0.7463514302393498,0.2769460422720639,0.392547231790321,0.143346,0.526502,3.215674612671132,unweighted_total_prob,0.392547231790321,1133.0,32.0,1584.0,1114.0,-0.405241859,0.007762150999999995,-16.307478066328866,False,True,False,1
tacrine,Tacrine,1.3040378654608484,3.1557705774903253,1.3040378654608484,100,0.157728,0.522302,0.157728,0.522302,1.3040378654608484,0.1206627647621124,0.5011675423234137,0.3145267766968654,0.3116374781735835,0.157728,0.522302,3.1557705774903253,unweighted_total_prob,0.3116374781735835,1160.0,60.0,1054.0,300.0,-0.390859859,0.0035621510000000134,-16.367382101509673,False,True,False,1
clotrimazole,Clotrimazole,1.3396692687645535,3.13080797810107,1.3396692687645535,100,0.152696,0.525879,0.152696,0.525879,1.3396692687645535,0.1122239178923007,0.7099824868651501,0.303871514697292,0.3896568648424388,0.152696,0.525879,3.13080797810107,unweighted_total_prob,0.3896568648424388,1175.0,48.0,1557.0,1083.0,-0.39589185899999996,0.007139150999999955,-16.392344700898928,False,True,False,1
terbinafine,Terbinafine,1.34834013879299,3.108607835136349,1.34834013879299,100,0.166094,0.523361,0.166094,0.523361,1.34834013879299,0.1346928507940767,0.5629889083479275,0.3013637624892664,0.339345456154655,0.166094,0.523361,3.108607835136349,unweighted_total_prob,0.339345456154655,1185.0,76.0,1273.0,568.0,-0.382493859,0.0046211509999999345,-16.41454484386365,False,True,False,1
ethylestrenol,Ethylestrenol,1.3723750885575994,3.0845926012843803,1.3723750885575994,100,0.367494,0.5164,0.367494,0.5164,1.3723750885575994,0.4724479699475087,0.156625802685347,0.2945781362779606,0.3105451363087344,0.367494,0.5164,3.0845926012843803,unweighted_total_prob,0.3105451363087344,1199.0,1415.0,22.0,287.0,-0.18109385899999997,-0.0023398490000000605,-16.438560077715618,False,False,True,1
vancomycin,Vancomycin,1.395051589701323,3.079448026604946,1.395051589701323,100,0.164997,0.523172,0.164997,0.523172,1.395051589701323,0.1328531419275856,0.5519556333917106,0.2883903977298825,0.331601589673695,0.164997,0.523172,3.079448026604946,unweighted_total_prob,0.331601589673695,1203.0,72.0,1238.0,469.0,-0.38359085899999995,0.00443215099999994,-16.443704652395052,False,True,False,1
naltrexone,Naltrexone,1.199663655483162,3.0750739742070388,1.199663655483162,100,0.310258,0.517216,0.310258,0.517216,1.199663655483162,0.3764611179124251,0.2042615294804456,0.3493815691040195,0.3021653727779522,0.310258,0.517216,3.0750739742070388,unweighted_total_prob,0.3021653727779522,1205.0,1043.0,46.0,227.0,-0.23832985899999998,-0.0015238490000000215,-16.44807870479296,False,False,True,1
meclizine,Meclizine,1.2395133212674387,3.0638880422338794,1.2395133212674387,100,0.147177,0.521608,0.147177,0.521608,1.2395133212674387,0.1029683543242382,0.4606538237011086,0.3353814095178904,0.2925251531137168,0.147177,0.521608,3.0638880422338794,unweighted_total_prob,0.2925251531137168,1210.0,38.0,890.0,178.0,-0.40141085899999995,0.00286815099999993,-16.459264636766118,False,True,False,1
chloramphenicol,Chloramphenicol,1.3488368160556985,3.061528448015447,1.3488368160556985,100,0.150671,0.522383,0.150671,0.522383,1.3488368160556985,0.1088279193010112,0.5058960887332209,0.3012210919155501,0.3061338215968029,0.150671,0.522383,3.061528448015447,unweighted_total_prob,0.3061338215968029,1211.0,45.0,1068.0,250.0,-0.39791685899999996,0.003643151000000011,-16.46162423098455,False,True,False,1
loperamide,Loperamide,1.2384107143152483,3.0544512839987825,1.2384107143152483,100,0.1629,0.521775,0.1629,0.521775,1.2384107143152483,0.1293363967197169,0.4704028021015773,0.3357566622219415,0.307047011972906,0.1629,0.521775,3.0544512839987825,unweighted_total_prob,0.307047011972906,1214.0,66.0,928.0,257.0,-0.38568785899999997,0.003035150999999958,-16.468701395001215,False,True,False,1
bendroflumethiazide,Bendroflumethiazide,1.258104001940226,3.024083479307587,1.258104001940226,100,0.324987,0.517763,0.324987,0.517763,1.258104001940226,0.4011621861845746,0.2361938120256858,0.3291534389424548,0.3207730870725952,0.324987,0.517763,3.024083479307587,unweighted_total_prob,0.3207730870725952,1224.0,1180.0,78.0,362.0,-0.22360085899999993,-0.0009768490000000574,-16.49906919969241,False,False,True,1
acamprosate,Acamprosate,1.2152740019373574,3.000013526529069,1.2152740019373574,100,0.164139,0.519688,0.164139,0.519688,1.2152740019373574,0.1314142447466837,0.3485697606538276,0.3437878862948327,0.2607511794191711,0.164139,0.519688,3.000013526529069,unweighted_total_prob,0.2607511794191711,1230.0,70.0,361.0,67.0,-0.3844488589999999,0.0009481510000000082,-16.52313915247093,False,True,False,1
regadenoson,Regadenoson,1.1984070943435634,2.983165037818248,1.1984070943435634,100,0.127034,0.527058,0.127034,0.527058,1.1984070943435634,0.0691878112998709,0.7788091068301263,0.3498381720977955,0.409166401671558,0.127034,0.527058,2.983165037818248,unweighted_total_prob,0.409166401671558,1241.0,12.0,1597.0,1239.0,-0.421553859,0.008318150999999996,-16.53998764118175,False,True,False,1
naloxone,Naloxone,1.1531229288782907,2.980015299282964,1.1531229288782907,100,0.321167,0.516936,0.321167,0.516936,1.1531229288782907,0.3947559073605124,0.1879159369527131,0.3669574480562211,0.3064602273365345,0.321167,0.516936,2.980015299282964,unweighted_total_prob,0.3064602273365345,1244.0,1151.0,36.0,254.0,-0.22742085899999998,-0.0018038490000000795,-16.543137379717034,False,False,True,1
streptomycin,Streptomycin,1.2641441541025396,2.9774604998528917,1.2641441541025396,100,0.155283,0.523506,0.155283,0.523506,1.2641441541025396,0.1165624109074443,0.571453590192648,0.3271693838001861,0.3406402772000741,0.155283,0.523506,2.9774604998528917,unweighted_total_prob,0.3406402772000741,1246.0,54.0,1300.0,585.0,-0.39330485899999995,0.004766150999999996,-16.545692179147107,False,True,False,1
erythromycin,Erythromycin,1.213484276412053,2.9280346399173096,1.213484276412053,100,0.167069,0.524705,0.167069,0.524705,1.213484276412053,0.1363279612269197,0.6414477524810281,0.3444218977062428,0.3799946650244278,0.167069,0.524705,2.9280346399173096,unweighted_total_prob,0.3799946650244278,1268.0,81.0,1473.0,1000.0,-0.38151885899999993,0.005965150999999946,-16.59511803908269,False,True,False,1
memantine,Memantine,1.227668651100246,2.927059905603523,1.227668651100246,100,0.147117,0.52191,0.147117,0.52191,1.227668651100246,0.1028677321437555,0.4782837127845893,0.33944780496247,0.300350138963832,0.147117,0.52191,2.927059905603523,unweighted_total_prob,0.300350138963832,1269.0,37.0,963.0,214.0,-0.40147085899999996,0.0031701509999999544,-16.596092773396474,False,True,False,1
cefotetan,Cefotetan,1.315833255345931,2.924389493651684,1.315833255345931,100,0.284385,0.51738,0.284385,0.51738,1.315833255345931,0.3330711566519647,0.2138353765323979,0.3109355713130425,0.2809497275363536,0.284385,0.51738,2.924389493651684,unweighted_total_prob,0.2809497275363536,1271.0,835.0,59.0,121.0,-0.26420285899999996,-0.0013598490000000796,-16.598763185348314,False,False,True,1
rosiglitazone,Rosiglitazone,1.1423332810634732,2.8559428621083454,1.1423332810634732,100,0.165341,0.527031,0.165341,0.527031,1.1423332810634732,0.1334300424290194,0.7772329246935239,0.3712366012512668,0.4385125070992707,0.165341,0.527031,2.8559428621083454,unweighted_total_prob,0.4385125070992707,1298.0,73.0,1595.0,1405.0,-0.383246859,0.008291150999999997,-16.667209816891653,False,True,False,1
gentian_violet_catio,Gentian_violet_catio,1.2076924606924857,2.832471297122533,1.2076924606924857,100,0.13864,0.52265,0.13864,0.52265,1.2076924606924857,0.0886514950778983,0.5214827787507286,0.3464865324434725,0.3133510160201453,0.13864,0.52265,2.832471297122533,unweighted_total_prob,0.3133510160201453,1310.0,25.0,1124.0,310.0,-0.40994785899999997,0.003910150999999917,-16.690681381877464,False,True,False,1
chlorphentermine,Chlorphentermine,1.1674975170055386,2.788548766635353,1.1674975170055386,100,0.305716,0.515012,0.305716,0.515012,1.1674975170055386,0.3688440188498885,0.07559836544075,0.3613793924468704,0.2500528322056294,0.305716,0.515012,2.788548766635353,unweighted_total_prob,0.2500528322056294,1330.0,1008.0,3.0,48.0,-0.24287185899999997,-0.0037278490000000053,-16.734603912364648,False,False,True,1
pyrazinamide,Pyrazinamide,1.1709558212431126,2.7836778666824054,1.1709558212431126,100,0.124955,0.522287,0.124955,0.522287,1.1709558212431126,0.065701252746147,0.500291885580851,0.3600578359792089,0.298408822526641,0.124955,0.522287,2.7836778666824054,unweighted_total_prob,0.298408822526641,1334.0,11.0,1050.0,204.0,-0.423632859,0.003547150999999915,-16.739474812317592,False,True,False,1
uridine_triacetate,Uridine_triacetate,1.2360662363236747,2.771515713073309,1.2360662363236747,100,0.164096,0.51922,0.164096,0.51922,1.2360662363236747,0.1313421321840044,0.3212492702860503,0.3365567888411658,0.248347918756255,0.164096,0.51922,2.771515713073309,unweighted_total_prob,0.248347918756255,1343.0,69.0,268.0,44.0,-0.38449185899999994,0.00048015099999998423,-16.75163696592669,False,True,False,1
ibandronate,Ibandronate,1.205830741999669,2.755893974564965,1.205830741999669,100,0.330709,0.516076,0.330709,0.516076,1.205830741999669,0.4107581881299367,0.1377116170461181,0.3471544000134438,0.2888188020731107,0.330709,0.516076,2.755893974564965,unweighted_total_prob,0.2888188020731107,1347.0,1220.0,14.0,154.0,-0.21787885899999998,-0.0026638490000000514,-16.767258704435033,False,False,True,1
nabumetone,Nabumetone,1.127191416709682,2.749891134910281,1.127191416709682,100,0.199745,0.517672,0.199745,0.517672,1.127191416709682,0.1911268007177715,0.2308814944541767,0.3773799879287893,0.2442793156545372,0.199745,0.517672,2.749891134910281,unweighted_total_prob,0.2442793156545372,1352.0,215.0,72.0,36.0,-0.34884285899999995,-0.0010678490000000096,-16.773261544089717,False,False,True,1
miconazole,Miconazole,1.1315677120583112,2.6973548186942886,1.1315677120583112,100,0.127968,0.52419,0.127968,0.52419,1.1315677120583112,0.0707541632427174,0.6113835376532445,0.3755875364538382,0.3479725876491524,0.127968,0.52419,2.6973548186942886,unweighted_total_prob,0.3479725876491524,1370.0,15.0,1404.0,663.0,-0.420619859,0.005450151000000014,-16.82579786030571,False,True,False,1
fosfomycin,Fosfomycin,1.182238932023754,2.674694288522,1.182238932023754,100,0.157509,0.520089,0.157509,0.520089,1.182238932023754,0.1202954938033507,0.3719789842381817,0.3557998709668544,0.2680697654099839,0.157509,0.520089,2.674694288522,unweighted_total_prob,0.2680697654099839,1379.0,58.0,459.0,83.0,-0.39107885899999995,0.0013491509999999929,-16.848458390477997,False,True,False,1
loxapine,Loxapine,1.1216542307287434,2.6661255741491865,1.1216542307287434,100,0.117348,0.526665,0.117348,0.526665,1.1216542307287434,0.0529440372972882,0.7558669001751364,0.3796679638099443,0.3994579677509587,0.117348,0.526665,2.6661255741491865,unweighted_total_prob,0.3994579677509587,1380.0,6.0,1590.0,1164.0,-0.43123985899999995,0.00792515100000002,-16.85702710485081,False,True,False,1
trimethoprim,Trimethoprim,1.175653552811125,2.6613189131021446,1.175653552811125,100,0.162467,0.521618,0.162467,0.521618,1.175653552811125,0.1286102399839004,0.461237594862817,0.3582750987671921,0.3075941536921254,0.162467,0.521618,2.6613189131021446,unweighted_total_prob,0.3075941536921254,1381.0,65.0,893.0,261.0,-0.3861208589999999,0.0028781509999999955,-16.861833765897856,False,True,False,1
indacaterol,Indacaterol,1.071843247697687,2.651504936628039,1.071843247697687,100,0.148007,0.526169,0.148007,0.526169,1.071843247697687,0.1043602944875815,0.7269118505545846,0.4013127769412951,0.4127714134051254,0.148007,0.526169,2.651504936628039,unweighted_total_prob,0.4127714134051254,1384.0,39.0,1572.0,1267.0,-0.40058085899999996,0.007429150999999967,-16.87164774237196,False,True,False,1
clofazimine,Clofazimine,1.112310594948938,2.642441506497557,1.112310594948938,100,0.133299,0.523237,0.133299,0.523237,1.112310594948938,0.079694443978601,0.5557501459427895,0.3835804230983254,0.3308939205882213,0.133299,0.523237,2.642441506497557,unweighted_total_prob,0.3308939205882213,1389.0,21.0,1251.0,465.0,-0.41528885899999995,0.0044971509999999215,-16.88071117250244,False,True,False,1
repaglinide,Repaglinide,1.0696669005090356,2.639534100890156,1.0696669005090356,100,0.16119,0.521767,0.16119,0.521767,1.0696669005090356,0.1264686645759613,0.4699357851722132,0.4023044473364261,0.3190226693665551,0.16119,0.521767,2.639534100890156,unweighted_total_prob,0.3190226693665551,1393.0,63.0,925.0,350.0,-0.38739785899999996,0.00302715099999995,-16.883618578109843,False,True,False,1
adenosine,Adenosine,1.0878794307121986,2.634818422608072,1.0878794307121986,100,0.154123,0.527361,0.154123,0.527361,1.0878794307121986,0.1146170487514464,0.7964973730297727,0.3941280880787483,0.4432713863282373,0.154123,0.527361,2.634818422608072,unweighted_total_prob,0.4432713863282373,1394.0,51.0,1607.0,1435.0,-0.39446485899999995,0.008621150999999938,-16.88833425639193,False,True,False,1
cycloserine,Cycloserine,1.0941115026595052,2.622803684324021,1.0941115026595052,100,0.162973,0.520114,0.162973,0.520114,1.0941115026595052,0.1294588203726375,0.3734384121424398,0.3913927619601713,0.2794374453980652,0.162973,0.520114,2.622803684324021,unweighted_total_prob,0.2794374453980652,1402.0,67.0,461.0,116.0,-0.3856148589999999,0.0013741509999999346,-16.90034899467598,False,True,False,1
donepezil,Donepezil,1.0067033522878752,2.5851181903853964,1.0067033522878752,100,0.115705,0.52634,0.115705,0.52634,1.0067033522878752,0.0501886665884049,0.7368943374197353,0.4328507130382601,0.4014033442109082,0.115705,0.52634,2.5851181903853964,unweighted_total_prob,0.4014033442109082,1415.0,4.0,1580.0,1189.0,-0.43288285899999995,0.0076001509999999994,-16.9380344886146,False,True,False,1
benzatropine,Benzatropine,1.0529525136342257,2.582866145297881,1.0529525136342257,100,0.179463,0.517749,0.179463,0.517749,1.0529525136342257,0.1571131496419527,0.2353765323993018,0.410057131834329,0.2390072991833676,0.179463,0.517749,2.582866145297881,unweighted_total_prob,0.2390072991833676,1417.0,128.0,75.0,28.0,-0.3691248589999999,-0.0009908490000000159,-16.940286533702118,False,False,True,1
salsalate,Salsalate,1.0620944818947444,2.5665010176598977,1.0620944818947444,100,0.127702,0.521931,0.127702,0.521931,1.0620944818947444,0.070308071575911,0.4795096322241719,0.4057865526968808,0.3010843920594094,0.127702,0.521931,2.5665010176598977,unweighted_total_prob,0.3010843920594094,1421.0,14.0,970.0,220.0,-0.420885859,0.003191151000000003,-16.9566516613401,False,True,False,1
fluticasone_furoate,Fluticasone_furoate,1.0392930210917235,2.564032766036684,1.0392930210917235,100,0.219552,0.515698,0.219552,0.515698,1.0392930210917235,0.224343859531436,0.1156450671336843,0.4165780202968198,0.2193111747254121,0.219552,0.515698,2.564032766036684,unweighted_total_prob,0.2193111747254121,1422.0,324.0,8.0,15.0,-0.329035859,-0.003041849000000041,-16.959119912963317,False,False,True,1
prazosin,Prazosin,1.0295797101920454,2.5576927205547646,1.0295797101920454,100,0.158037,0.521978,0.158037,0.521978,1.0295797101920454,0.121180968991598,0.4822533566841847,0.4213203124591738,0.3256377927621479,0.158037,0.521978,2.5576927205547646,unweighted_total_prob,0.3256377927621479,1423.0,61.0,983.0,400.0,-0.390550859,0.0032381510000000224,-16.965459958445233,False,True,False,1
ethambutol,Ethambutol,1.025051653594708,2.5330031150951937,1.025051653594708,100,0.123234,0.519702,0.123234,0.519702,1.025051653594708,0.0628150732026363,0.3493870402802116,0.4235617421667709,0.2495931938264934,0.123234,0.519702,2.5330031150951937,unweighted_total_prob,0.2495931938264934,1432.0,8.0,367.0,46.0,-0.42535385899999995,0.0009621509999999667,-16.990149563904804,False,True,False,1
temazepam,Temazepam,1.046235322067512,2.528806236572559,1.046235322067512,100,0.15762,0.523752,0.15762,0.523752,1.046235322067512,0.1204816448372436,0.5858143607705796,0.4132425655560796,0.3651669153543452,0.15762,0.523752,2.528806236572559,unweighted_total_prob,0.3651669153543452,1435.0,59.0,1343.0,850.0,-0.390967859,0.005012150999999965,-16.99434644242744,False,True,False,1
galantamine,Galantamine,1.0034043896710485,2.5105677973478984,1.0034043896710485,100,0.14258,0.522267,0.14258,0.522267,1.0034043896710485,0.0952590182629258,0.4991243432574471,0.434556869620168,0.3246647185321828,0.14258,0.522267,2.5105677973478984,unweighted_total_prob,0.3246647185321828,1442.0,29.0,1046.0,394.0,-0.4060078589999999,0.003527151000000006,-17.0125848816521,False,True,False,1
phenazopyridine,Phenazopyridine,1.110301928035913,2.504267862066622,1.110301928035913,100,0.150071,0.519875,0.150071,0.519875,1.110301928035913,0.1078216974961847,0.3594862813777002,0.3844301116388638,0.2638092138773267,0.150071,0.519875,2.504267862066622,unweighted_total_prob,0.2638092138773267,1444.0,43.0,415.0,73.0,-0.39851685899999995,0.0011351509999999454,-17.018884816933376,False,True,False,1
emtricitabine,Emtricitabine,1.000256060715763,2.495282203890378,1.000256060715763,100,0.143672,0.522581,0.143672,0.522581,1.000256060715763,0.09709034194771,0.5174547577349675,0.4361956166536809,0.3330571632038072,0.143672,0.522581,2.495282203890378,unweighted_total_prob,0.3330571632038072,1448.0,34.0,1112.0,481.0,-0.40491585899999993,0.0038411509999999316,-17.027870475109623,False,True,False,1
terconazole,Terconazole,1.0947446031612325,2.464637049473817,1.0947446031612325,100,0.093688,0.523362,0.093688,0.523362,1.0947446031612325,0.0132653574602961,0.5630472854640997,0.3911166296259971,0.3087483830949578,0.093688,0.523362,2.464637049473817,unweighted_total_prob,0.3087483830949578,1456.0,2.0,1274.0,272.0,-0.45489985899999996,0.004622150999999963,-17.058515629526184,False,True,False,1
levothyroxine,Levothyroxine,0.9999490940361264,2.4447858165949534,0.9999490940361264,100,0.345382,0.516925,0.345382,0.516925,0.9999490940361264,0.4353653423669692,0.187273788674839,0.4363559490032396,0.3363268422173713,0.345382,0.516925,2.4447858165949534,unweighted_total_prob,0.3363268422173713,1459.0,1318.0,34.0,524.0,-0.20320585899999993,-0.0018148490000000628,-17.078366862405044,False,False,True,1
aminosalicylic_acid,Aminosalicylic_acid,0.9689807200571504,2.404777897521849,0.9689807200571504,100,0.124225,0.523675,0.124225,0.523675,0.9689807200571504,0.0644770162169414,0.5813193228254545,0.4530531770553623,0.3489291710280309,0.124225,0.523675,2.404777897521849,unweighted_total_prob,0.3489291710280309,1471.0,9.0,1325.0,671.0,-0.4243628589999999,0.004935150999999971,-17.11837478147815,False,True,False,1
isoniazid,Isoniazid,0.9806663790135622,2.3773178616538595,0.9806663790135622,100,0.130829,0.522946,0.130829,0.522946,0.9806663790135622,0.0755521642153985,0.5387624051371894,0.446628729499693,0.3350515736409738,0.130829,0.522946,2.3773178616538595,unweighted_total_prob,0.3350515736409738,1476.0,18.0,1186.0,507.0,-0.417758859,0.004206150999999991,-17.145834817346138,False,True,False,1
sulfamethoxazole,Sulfamethoxazole,1.0596436624415198,2.301497974433,1.0596436624415198,100,0.137289,0.519932,0.137289,0.519932,1.0596436624415198,0.0863858189806973,0.3628137769994149,0.4069241991692444,0.2610646782258938,0.137289,0.519932,2.301497974433,unweighted_total_prob,0.2610646782258938,1493.0,22.0,426.0,68.0,-0.41129885899999996,0.0011921509999999191,-17.221654704566998,False,True,False,1
ofloxacin,Ofloxacin,1.0305054425261897,2.2864544810727194,1.0305054425261897,100,0.155259,0.521567,0.155259,0.521567,1.0305054425261897,0.1165221620352513,0.4582603619381222,0.4208644916255839,0.3140859079144662,0.155259,0.521567,2.2864544810727194,unweighted_total_prob,0.3140859079144662,1499.0,53.0,878.0,314.0,-0.3933288589999999,0.002827150999999972,-17.23669819792728,False,True,False,1
alendronic_acid,Alendronic_acid,0.9462156568071786,2.2520503541454624,0.9462156568071786,100,0.239186,0.517479,0.239186,0.517479,0.9462156568071786,0.2572707910580422,0.2196147110332777,0.4660244500149695,0.2839590908395219,0.239186,0.517479,2.2520503541454624,unweighted_total_prob,0.2839590908395219,1511.0,446.0,61.0,136.0,-0.30940185899999995,-0.0012608490000000083,-17.271102324854535,False,False,True,1
chlorzoxazone,Chlorzoxazone,0.9316819913219642,2.250796974636609,0.9316819913219642,100,0.246266,0.51698,0.246266,0.51698,0.9316819913219642,0.2691442083549951,0.190484530064216,0.4746370907603482,0.2787789135197541,0.246266,0.51698,2.250796974636609,unweighted_total_prob,0.2787789135197541,1512.0,494.0,37.0,109.0,-0.30232185899999997,-0.0017598490000000355,-17.27235570436339,False,False,True,1
permethrin,Permethrin,0.9824198574991876,2.231631244532759,0.9824198574991876,100,0.152948,0.519432,0.152948,0.519432,0.9824198574991876,0.1126465310503278,0.3336252189141875,0.4456779035492271,0.2676442806956516,0.152948,0.519432,2.231631244532759,unweighted_total_prob,0.2676442806956516,1517.0,49.0,308.0,82.0,-0.395639859,0.0006921509999999742,-17.29152143446724,False,True,False,1
metronidazole,Metronidazole,0.9776499330764612,2.2104924693703603,0.9776499330764612,100,0.130094,0.521356,0.130094,0.521356,0.9776499330764612,0.074319542504486,0.4459427904261571,0.4482723815578154,0.2977594094838204,0.130094,0.521356,2.2104924693703603,unweighted_total_prob,0.2977594094838204,1522.0,17.0,815.0,201.0,-0.41849385899999997,0.002616151000000011,-17.312660209629637,False,True,False,1
prednisolone_acetate,Prednisolone_acetate,0.9789356210269016,2.195755557157095,0.9789356210269016,100,0.293988,0.517634,0.293988,0.517634,0.9789356210269016,0.349175736638213,0.2286631640397002,0.4475705755685896,0.3206496753848832,0.293988,0.517634,2.195755557157095,unweighted_total_prob,0.3206496753848832,1523.0,910.0,70.0,359.0,-0.25459985899999993,-0.001105848999999992,-17.327397121842903,False,False,True,1
scopolamine,Scopolamine,0.8604949295986424,2.187983444891865,0.8604949295986424,100,0.116415,0.522335,0.116415,0.522335,0.8604949295986424,0.051379362390783,0.5030939871570359,0.5210249204458242,0.3259943239082924,0.116415,0.522335,2.187983444891865,unweighted_total_prob,0.3259943239082924,1526.0,5.0,1061.0,404.0,-0.43217285899999996,0.003595150999999963,-17.335169234108132,False,True,False,1
isosorbide_dinitrate,Isosorbide_dinitrate,0.952844076522158,2.170559175312514,0.952844076522158,100,0.165523,0.520919,0.165523,0.520919,0.952844076522158,0.1337352630431501,0.4204319906596643,0.4621836912087617,0.3141036397228782,0.165523,0.520919,2.170559175312514,unweighted_total_prob,0.3141036397228782,1530.0,74.0,694.0,315.0,-0.383064859,0.0021791509999999903,-17.352593503687483,False,True,False,1
dapsone,Dapsone,0.9582073690602536,2.135975098237391,0.9582073690602536,100,0.148432,0.518855,0.148432,0.518855,0.9582073690602536,0.105073034932667,0.2999416228838285,0.4591148872616095,0.2538288405789201,0.148432,0.518855,2.135975098237391,unweighted_total_prob,0.2538288405789201,1535.0,40.0,196.0,53.0,-0.40015585899999995,0.00011515099999992451,-17.387177580762607,False,True,False,1
bisacodyl,Bisacodyl,0.8686589868739227,2.103056894615288,0.8686589868739227,100,0.144271,0.518597,0.144271,0.518597,0.8686589868739227,0.0980948867161951,0.2848803269118506,0.5153189776537445,0.2562538809819672,0.144271,0.518597,2.103056894615288,unweighted_total_prob,0.2562538809819672,1540.0,35.0,160.0,59.0,-0.4043168589999999,-0.00014284900000005596,-17.42009578438471,False,True,False,1
glucosamine,Glucosamine,0.855093303648753,2.09467529598623,0.855093303648753,100,0.129564,0.52288,0.129564,0.52288,0.855093303648753,0.073430713243556,0.5349095154699384,0.5248600645661793,0.3483081043986336,0.129564,0.52288,2.09467529598623,unweighted_total_prob,0.3483081043986336,1546.0,16.0,1172.0,665.0,-0.41902385899999994,0.004140150999999981,-17.42847738301377,False,True,False,1
tazarotene,Tazarotene,0.9017578848754036,2.056355346925552,0.9017578848754036,100,0.166869,0.520398,0.166869,0.520398,0.9017578848754036,0.1359925539586443,0.3900175131348544,0.4932443558345946,0.3090528980043184,0.166869,0.520398,2.056355346925552,unweighted_total_prob,0.3090528980043184,1552.0,79.0,541.0,278.0,-0.38171885899999997,0.0016581509999999966,-17.466797332074446,False,True,False,1
gliclazide,Gliclazide,0.8141247777733933,1.984526796266432,0.8141247777733933,100,0.210619,0.51722,0.210619,0.51722,0.8141247777733933,0.2093628938939107,0.2044950379451277,0.5556043824806547,0.2766640492317463,0.210619,0.51722,1.984526796266432,unweighted_total_prob,0.2766640492317463,1567.0,271.0,47.0,102.0,-0.33796885899999995,-0.0015198490000000175,-17.538625882733566,False,False,True,1
glipizide,Glipizide,0.7917865109164246,1.921692186966533,0.7917865109164246,100,0.161895,0.522752,0.161895,0.522752,0.7917865109164246,0.1276509751966325,0.5274372446001183,0.5737081684389379,0.3767769216064879,0.161895,0.522752,1.921692186966533,unweighted_total_prob,0.3767769216064879,1580.0,64.0,1143.0,971.0,-0.38669285899999994,0.004012150999999964,-17.601460492033468,False,True,False,1
adapalene,Adapalene,0.816098199633414,1.8936709212139204,0.816098199633414,100,0.141426,0.520931,0.141426,0.520931,0.816098199633414,0.0933237183249761,0.4211325160537106,0.5540526903946376,0.3165930318304022,0.141426,0.520931,1.8936709212139204,unweighted_total_prob,0.3165930318304022,1589.0,28.0,700.0,332.0,-0.40716185899999996,0.0021911510000000023,-17.629481757786078,False,True,False,1
salmeterol,Salmeterol,0.7493772558751498,1.8811963405460077,0.7493772558751498,100,0.150423,0.522935,0.150423,0.522935,0.7493772558751498,0.1084120142883496,0.5381202568593153,0.6110478869804838,0.3808224858551627,0.150423,0.522935,1.8811963405460077,unweighted_total_prob,0.3808224858551627,1592.0,44.0,1182.0,1013.0,-0.398164859,0.004195151000000008,-17.64195633845399,False,True,False,1
benzoyl_peroxide,Benzoyl_peroxide,0.8302687747403963,1.8727636653929909,0.8302687747403963,100,0.085778,0.522718,0.085778,0.522718,0.8302687747403963,0.0,0.5254524226503239,0.5431270889363319,0.3188063868473959,0.085778,0.522718,1.8727636653929909,unweighted_total_prob,0.3188063868473959,1593.0,1.0,1137.0,348.0,-0.46280985899999993,0.003978150999999985,-17.650389013607008,False,True,False,1
esmolol,Esmolol,0.7818799639237093,1.7867128103971437,0.7818799639237093,100,0.308225,0.517273,0.308225,0.517273,0.7818799639237093,0.3730517030304047,0.2075890251021604,0.5820679152415368,0.3486698743013334,0.308225,0.517273,1.7867128103971437,unweighted_total_prob,0.3486698743013334,1598.0,1022.0,51.0,667.0,-0.24036285899999993,-0.0014668490000000478,-17.736439868602854,False,False,True,1
thymol,Thymol,0.7156245996826307,1.774913357570762,0.7156245996826307,100,0.141238,0.518563,0.141238,0.518563,0.7156245996826307,0.0930084354927971,0.2828955049620562,0.6439285971888629,0.2791472956197139,0.141238,0.518563,1.774913357570762,unweighted_total_prob,0.2791472956197139,1600.0,27.0,157.0,111.0,-0.407349859,-0.00017684900000003445,-17.74823932142924,False,True,False,1
atropine,Atropine,0.7705666790599915,1.7711594840511635,0.7705666790599915,100,0.151528,0.522344,0.151528,0.522344,0.7705666790599915,0.1102651394455717,0.5036193812025722,0.591877653412977,0.363929338941853,0.151528,0.522344,1.7711594840511635,unweighted_total_prob,0.363929338941853,1601.0,47.0,1064.0,839.0,-0.39705985899999996,0.003604151,-17.751993194948835,False,True,False,1
neostigmine,Neostigmine,0.7651156078558395,1.7706254096701697,0.7651156078558395,100,0.143382,0.522502,0.143382,0.522502,0.7651156078558395,0.0966040014087105,0.5128429655575046,0.5967078362583249,0.363120354038151,0.143382,0.522502,1.7706254096701697,unweighted_total_prob,0.363120354038151,1602.0,33.0,1097.0,831.0,-0.40520585899999995,0.0037621509999999914,-17.75252726932983,False,True,False,1
salbutamol,Salbutamol,0.7153453002567384,1.758027725853021,0.7153453002567384,100,0.166661,0.526313,0.166661,0.526313,0.7153453002567384,0.1356437303996377,0.7353181552831329,0.6442136255373467,0.4772274793805777,0.166661,0.526313,1.758027725853021,unweighted_total_prob,0.4772274793805777,1603.0,78.0,1577.0,1538.0,-0.38192685899999995,0.007573151,-17.765124953146977,False,True,False,1
triclosan,Triclosan,0.7255445234128255,1.746725865639741,0.7255445234128255,100,0.149818,0.521178,0.149818,0.521178,0.7255445234128255,0.1073974073018162,0.4355516637478144,0.6339475063895722,0.3439691296977667,0.149818,0.521178,1.746725865639741,unweighted_total_prob,0.3439691296977667,1605.0,42.0,769.0,616.0,-0.39876985899999995,0.0024381509999999995,-17.776426813360256,False,True,False,1
polyvinyl_alcohol,Polyvinyl_alcohol,0.6794646064226957,1.5023015402257387,0.6794646064226957,100,0.139046,0.52072,0.139046,0.52072,0.6794646064226957,0.0893323718324976,0.408814944541739,0.6827789747149628,0.3358147214926873,0.139046,0.52072,1.5023015402257387,unweighted_total_prob,0.3358147214926873,1615.0,26.0,627.0,518.0,-0.40954185899999995,0.00198015099999993,-18.020851138774262,False,True,False,1
mupirocin,Mupirocin,0.6985427034320285,1.4731459752656464,0.6985427034320285,100,0.15326,0.52085,0.15326,0.52085,0.6985427034320285,0.1131697663888376,0.4164039696439033,0.6617801854222095,0.3441855314975384,0.15326,0.52085,1.4731459752656464,unweighted_total_prob,0.3441855314975384,1618.0,50.0,673.0,618.0,-0.39532785899999995,0.0021101510000000046,-18.050006703734354,False,True,False,1
povidone,Povidone,0.6482666380179563,1.415287854149933,0.6482666380179563,100,0.131032,0.52027,0.131032,0.52027,0.6482666380179563,0.0758926025926982,0.3825452422650344,0.7197809412080255,0.3273313261846982,0.131032,0.52027,1.415287854149933,unweighted_total_prob,0.3273313261846982,1620.0,19.0,498.0,420.0,-0.4175558589999999,0.0015301509999999796,-18.107864824850065,False,True,False,1
glycerin,Glycerin,0.5806914689601379,1.31074322527274,0.5806914689601379,100,0.149052,0.520681,0.149052,0.520681,0.5806914689601379,0.106112797464321,0.4065382370110904,0.8135602496303237,0.3677724637162293,0.149052,0.520681,1.31074322527274,unweighted_total_prob,0.3677724637162293,1622.0,41.0,617.0,881.0,-0.399535859,0.0019411509999999188,-18.212409453727258,False,True,False,1
benzocaine,Benzocaine,0.5899545039399504,1.2949160737916774,0.5899545039399504,100,0.145613,0.522399,0.145613,0.522399,0.5899545039399504,0.1003454694863237,0.5068301225919427,0.7994346029337527,0.4027571574180572,0.145613,0.522399,1.2949160737916774,unweighted_total_prob,0.4027571574180572,1623.0,36.0,1072.0,1197.0,-0.40297485899999996,0.003659150999999916,-18.228236605208323,False,True,False,1
cetylpyridinium,Cetylpyridinium,0.4877504917210877,1.037757982034231,0.4877504917210877,100,0.096876,0.522151,0.096876,0.522151,0.4877504917210877,0.0186117493166077,0.4923525977816733,0.9849887694290086,0.4013834927251141,0.096876,0.522151,1.037757982034231,unweighted_total_prob,0.4013834927251141,1625.0,3.0,1027.0,1188.0,-0.45171185899999994,0.003411151000000001,-18.485394696965766,False,True,False,1
chlorhexidine,Chlorhexidine,0.4810091193066888,1.015896875411267,0.4810091193066888,100,0.143049,0.518284,0.143049,0.518284,0.4810091193066888,0.0960455483070318,0.2666082895504958,1.0,0.3450615351430111,0.143049,0.518284,1.015896875411267,unweighted_total_prob,0.3450615351430111,1626.0,31.0,130.0,630.0,-0.405538859,-0.0004558490000000637,-18.50725580358873,False,True,False,1
